﻿<?xml version="1.0" encoding="utf-8"?>
<deployment>
  <id>b99dcf79-afb3-4132-80bb-bd25722713d0</id>
  <author>N/A</author>
  <deployer>OneDeploy</deployer>
  <authorEmail>N/A</authorEmail>
  <message>OneDeploy</message>
  <progress></progress>
  <status>Success</status>
  <statusText></statusText>
  <lastSuccessEndTime>2025-12-18T23:12:33.854264Z</lastSuccessEndTime>
  <receivedTime>2025-12-18T23:06:34.6307483Z</receivedTime>
  <startTime>2025-12-18T23:06:35.9792473Z</startTime>
  <endTime>2025-12-18T23:12:33.854264Z</endTime>
  <complete>True</complete>
  <is_temp>False</is_temp>
  <is_readonly>True</is_readonly>
  <buildSummary />
</deployment>