<step title="Incoming Request" date="2025-12-19T01:09:29.933" instance="8b490c" url="/deploy?scmType=ExternalGit&amp;isAsync=true" method="POST" type="request" pid="768,1,5" Host="aria-dev-api.scm.azurewebsites.net" User-Agent="Azure-WebSites-Controller/106.0.7.121" Authorization="Bas..." Expect="100-continue" Content-Length="72" x-ms-request-id="e5339751-de99-4ce4-b698-71ac3dbade81" X-ARR-LOG-ID="e5339751-de99-4ce4-b698-71ac3dbade81" CLIENT-IP="40.112.243.121:40064" X-SITE-DEPLOYMENT-ID="aria-dev-api" WAS-DEFAULT-HOSTNAME="aria-dev-api.scm.azurewebsites.net" X-MS-PLATFORM-INTERNAL="True" X-Forwarded-Proto="https" X-AppService-Proto="https" X-Forwarded-TlsVersion="1.3" X-WAWS-Unencoded-URL="/deploy?scmType=ExternalGit&amp;isAsync=true" X-Client-IP="40.112.243.121" X-Client-Port="40064" >
  <step title="Cleanup Xml Logs" date="2025-12-19T01:09:29.936" >
    <step title="Cleanup Infos" date="2025-12-19T01:09:29.949" totalFiles="441" totalCleanup="281" /><!-- duration: 8ms -->
  </step><!-- duration: 25ms -->
  <step title="FetchHandler" date="2025-12-19T01:09:29.978" >
    <step title="Executing external process" date="2025-12-19T01:09:29.999" type="process" path="git" arguments="rev-parse --git-dir" /><!-- duration: 30ms -->
    <step title="Executing external process" date="2025-12-19T01:09:30.034" type="process" path="git" arguments="rev-parse --git-dir" /><!-- duration: 12ms -->
    <step title="Executing external process" date="2025-12-19T01:09:30.049" type="process" path="git" arguments="log -n 1 main --" /><!-- duration: 49ms -->
    <step title="Start deployment in the background" date="2025-12-19T01:09:30.102" >
      <step title="Executing external process" date="2025-12-19T01:09:30.118" type="process" path="git" arguments="rev-parse --git-dir" /><!-- duration: 10ms -->
      <step title="Executing external process" date="2025-12-19T01:09:30.134" type="process" path="git" arguments="rev-parse --git-dir" /><!-- duration: 11ms -->
      <step title="Executing external process" date="2025-12-19T01:09:30.147" type="process" path="git" arguments="log -n 1 main --" /><!-- duration: 15ms -->
      <step title="Acquiring Deployment Lock" date="2025-12-19T01:09:30.167" /><!-- duration: 3ms -->
      <step title="Acquired Deployment Lock" date="2025-12-19T01:09:30.207" /><!-- duration: 3ms -->
    </step><!-- duration: 188ms -->
  </step><!-- duration: 316ms -->
  <step title="Outgoing response" date="2025-12-19T01:09:30.304" type="response" statusCode="202" statusText="Accepted" /><!-- duration: 13ms -->
</step><!-- duration: 391ms -->
