<step title="Incoming Request" date="2025-12-17T18:28:07.645" instance="d57777" url="/api/zipdeploy?isAsync=true" method="POST" type="request" pid="772,1,22" Accept="*/*" Host="aria-dev-api.scm.azurewebsites.net" User-Agent="AZURECLI/2.67.0 (MSI)" Accept-Encoding="gzip, deflate" Authorization="Bea..." Cache-Control="no-cache" Content-Type="application/octet-stream" Content-Length="155898" x-ms-client-request-id="1ba37917-db76-11f0-9a52-088e904feb3e" x-ms-artifact-checksum="2206e000d259dbf5b17468be173b5df13a4c618b214e81264dad6a8f164ae2a5" X-ARR-LOG-ID="1ba37917-db76-11f0-9a52-088e904feb3e" CLIENT-IP="52.177.6.198:41925" X-SITE-DEPLOYMENT-ID="aria-dev-api" WAS-DEFAULT-HOSTNAME="aria-dev-api.scm.azurewebsites.net" X-Forwarded-Proto="https" X-AppService-Proto="https" X-Forwarded-TlsVersion="1.3" X-WAWS-Unencoded-URL="/api/zipdeploy?isAsync=true" X-Client-IP="52.177.6.198" X-Client-Port="41925" >
  <step title="Cleanup Xml Logs" date="2025-12-17T18:28:07.703" /><!-- duration: 32ms -->
  <step title="ZipPushDeploy" date="2025-12-17T18:28:07.826" >
    <step title="ZipDeploy. Extract zip. Remote build." date="2025-12-17T18:28:07.917" /><!-- duration: 19ms -->
    <step title="Starting PushDeployAsync" date="2025-12-17T18:28:07.976" /><!-- duration: 19ms -->
    <step title="Writing artifact to /tmp/zipdeploy/295fd1b5-3b77-415a-a4a9-5f51cb67dba4.zip" date="2025-12-17T18:28:08.048" >
      <step title="Writing multipart request body to /tmp/zipdeploy/295fd1b5-3b77-415a-a4a9-5f51cb67dba4.zip" date="2025-12-17T18:28:08.076" /><!-- duration: 22ms -->
    </step><!-- duration: 131ms -->
    <step title="Start deployment in the background" date="2025-12-17T18:28:08.226" >
      <step title="Acquiring Deployment Lock" date="2025-12-17T18:28:08.278" /><!-- duration: 5ms -->
      <step title="Acquired Deployment Lock" date="2025-12-17T18:28:08.327" /><!-- duration: 3ms -->
    </step><!-- duration: 273ms -->
  </step><!-- duration: 686ms -->
  <step title="Outgoing response" date="2025-12-17T18:28:08.523" type="response" statusCode="202" statusText="Accepted" /><!-- duration: 8ms -->
</step><!-- duration: 894ms -->
