﻿<?xml version="1.0" encoding="utf-8"?>
<deployment>
  <id>29d3450f2c105e643b566f4bfe97a70e4856976f1766623612708</id>
  <author>antonyrugama</author>
  <deployer>GitHub</deployer>
  <authorEmail />
  <message>{"type":"Deployment","sha":"29d3450f2c105e643b566f4bfe97a70e4856976f","repoName":"Tracklit/Aria","actor":"antonyrugama","slotName":"production"}</message>
  <progress />
  <status>Success</status>
  <statusText />
  <lastSuccessEndTime>2025-12-25T00:46:55.2946673Z</lastSuccessEndTime>
  <receivedTime>2025-12-25T00:46:55.2946673Z</receivedTime>
  <startTime>2025-12-25T00:46:55.2946673Z</startTime>
  <endTime>2025-12-25T00:46:55.2946673Z</endTime>
  <complete>True</complete>
  <is_temp>False</is_temp>
  <is_readonly>True</is_readonly>
  <buildSummary />
</deployment>