﻿<?xml version="1.0" encoding="utf-8"?>
<deployment>
  <id>a70b65172f3f260729a4df3df2cc9b2fa530950b1766621588048</id>
  <author>antonyrugama</author>
  <deployer>GitHub</deployer>
  <authorEmail />
  <message>{"type":"Deployment","sha":"a70b65172f3f260729a4df3df2cc9b2fa530950b","repoName":"Tracklit/Aria","actor":"antonyrugama","slotName":"production"}</message>
  <progress />
  <status>Success</status>
  <statusText />
  <lastSuccessEndTime>2025-12-25T00:13:10.7938348Z</lastSuccessEndTime>
  <receivedTime>2025-12-25T00:13:10.7938348Z</receivedTime>
  <startTime>2025-12-25T00:13:10.7938348Z</startTime>
  <endTime>2025-12-25T00:13:10.7938348Z</endTime>
  <complete>True</complete>
  <is_temp>False</is_temp>
  <is_readonly>True</is_readonly>
  <buildSummary />
</deployment>