<step title="BackgroundTrace" date="2025-12-22T22:56:21.835" instance="9158b8" url="/api/zipdeploy" method="POST" >
  <step title="Creating temporary deployment - FetchDeploymentManager" date="2025-12-22T22:56:21.950" /><!-- duration: 1ms -->
  <step title="Creating temporary deployment" date="2025-12-22T22:56:21.954" /><!-- duration: 254ms -->
  <step title="Performing fetch based deployment" date="2025-12-22T22:56:22.265" >
    <step title="Cleaning up temp folders from previous zip deployments and extracting pushed zip file /tmp/zipdeploy/0e8c997f-61fa-4d6c-9fdd-0330e4045914.zip (0.37 MB) to /tmp/zipdeploy/extracted" date="2025-12-22T22:56:23.519" >
      <step title="ChmodRecursive Process exited with total time taken in ms: 218" date="2025-12-22T22:56:23.912" /><!-- duration: 2ms -->
    </step><!-- duration: 404ms -->
    <step title="Deployment timer started" date="2025-12-22T22:56:25.946" >
      <step title="DeploymentManager.Deploy(id:65c120df-62ee-4d6d-9dce-9668327cb8fb)" date="2025-12-22T22:56:25.977" >
        <step title="Collecting changeset information" date="2025-12-22T22:56:26.015" /><!-- duration: 79ms -->
        <step title="Updating submodules" date="2025-12-22T22:56:26.100" /><!-- duration: 1140ms -->
        <step title="Determining deployment builder" date="2025-12-22T22:56:27.533" >
          <step title="Builder is BasicBuilder" date="2025-12-22T22:56:27.605" /><!-- duration: 9ms -->
        </step><!-- duration: 92ms -->
        <step title="PreDeployment: context.CleanOutputPath False" date="2025-12-22T22:56:27.686" >
          <step title="PreDeployment: context.OutputPath /home/site/wwwroot" date="2025-12-22T22:56:27.810" >
            <step title="Building" date="2025-12-22T22:56:27.939" >
              <step title="Executing external process" date="2025-12-22T22:56:28.238" type="process" path="starter.sh" arguments="/opt/Kudu/Scripts/parallel_rsync.sh /tmp/zipdeploy/extracted /home/site/wwwroot 8 /tmp/ False True  " /><!-- duration: 3309ms -->
              <step title="Triggering recycle (preview mode disabled)." date="2025-12-22T22:56:32.111" /><!-- duration: 3ms -->
              <step title="Modified file to trigger a restart of the app container." date="2025-12-22T22:56:32.136" /><!-- duration: 2ms -->
              <step title="Skip function trigger and logicapp sync because function is not enabled." date="2025-12-22T22:56:32.142" /><!-- duration: 2ms -->
            </step><!-- duration: 5294ms -->
          </step><!-- duration: 5427ms -->
          <step title="Cleaning up temp files" date="2025-12-22T22:56:33.239" /><!-- duration: 4ms -->
          <step title="Cleaning up temp files" date="2025-12-22T22:56:33.245" /><!-- duration: 507ms -->
          <step title="Reloading status file with latest updates" date="2025-12-22T22:56:33.799" >
            <step title="WebHooksManager.PublishEventAsync: PostDeployment" date="2025-12-22T22:56:33.803" /><!-- duration: 93ms -->
          </step><!-- duration: 98ms -->
          <step title="Cleaning up temporary deployment - fetch deployment was successful" date="2025-12-22T22:56:33.904" /><!-- duration: 2ms -->
        </step><!-- duration: 6277ms -->
      </step><!-- duration: 8024ms -->
