<step title="Incoming Request" date="2025-12-22T22:56:20.931" instance="9158b8" url="/api/zipdeploy?isAsync=true" method="POST" type="request" pid="768,1,7" Accept="*/*" Host="aria-api-8883.scm.azurewebsites.net" User-Agent="AZURECLI/2.67.0 (MSI)" Accept-Encoding="gzip, deflate" Authorization="Bea..." Cache-Control="no-cache" Content-Type="application/octet-stream" Content-Length="388669" x-ms-client-request-id="5cd4d8d5-df89-11f0-b457-088e904feb3e" x-ms-artifact-checksum="49edb7634098bf779530635006108fd16ad7bae1e074a54ecfd6ad479bfb7e54" X-ARR-LOG-ID="5cd4d8d5-df89-11f0-b457-088e904feb3e" CLIENT-IP="52.167.112.163:18829" X-SITE-DEPLOYMENT-ID="aria-api-8883" WAS-DEFAULT-HOSTNAME="aria-api-8883.scm.azurewebsites.net" X-Forwarded-Proto="https" X-AppService-Proto="https" X-Forwarded-TlsVersion="1.3" X-WAWS-Unencoded-URL="/api/zipdeploy?isAsync=true" X-Client-IP="52.167.112.163" X-Client-Port="18829" >
  <step title="ZipPushDeploy" date="2025-12-22T22:56:21.531" >
    <step title="ZipDeploy. Extract zip." date="2025-12-22T22:56:21.543" /><!-- duration: 3ms -->
    <step title="None repository commit" date="2025-12-22T22:56:21.550" >
      <step title="Commit id: 65c120df-62ee-4d6d-9dce-9668327cb8fb" date="2025-12-22T22:56:21.559" Message="N/A" AuthorName="N/A" AuthorEmail="N/A" /><!-- duration: 10ms -->
    </step><!-- duration: 21ms -->
    <step title="Starting PushDeployAsync" date="2025-12-22T22:56:21.588" /><!-- duration: 10ms -->
    <step title="Writing artifact to /tmp/zipdeploy/0e8c997f-61fa-4d6c-9fdd-0330e4045914.zip" date="2025-12-22T22:56:21.684" >
      <step title="Writing multipart request body to /tmp/zipdeploy/0e8c997f-61fa-4d6c-9fdd-0330e4045914.zip" date="2025-12-22T22:56:21.696" /><!-- duration: 9ms -->
    </step><!-- duration: 127ms -->
    <step title="Start deployment in the background" date="2025-12-22T22:56:21.832" >
      <step title="Acquiring Deployment Lock" date="2025-12-22T22:56:21.863" /><!-- duration: 6ms -->
      <step title="Acquired Deployment Lock" date="2025-12-22T22:56:21.946" /><!-- duration: 3ms -->
    </step><!-- duration: 380ms -->
  </step><!-- duration: 686ms -->
  <step title="Outgoing response" date="2025-12-22T22:56:22.244" type="response" statusCode="202" statusText="Accepted" /><!-- duration: 3ms -->
</step><!-- duration: 1318ms -->
