<step title="Incoming Request" date="2025-12-22T22:31:26.442" instance="9158b8" url="/api/zipdeploy?isAsync=true" method="POST" type="request" pid="770,1,7" Accept="*/*" Host="aria-api-8883.scm.azurewebsites.net" User-Agent="AZURECLI/2.67.0 (MSI)" Accept-Encoding="gzip, deflate" Authorization="Bea..." Cache-Control="no-cache" Content-Type="application/octet-stream" Content-Length="370194" x-ms-client-request-id="e1b2fa50-df85-11f0-be3d-088e904feb3e" x-ms-artifact-checksum="ff9192cfeb4f9389f37ca5ccde5efa00476c2f6a03b1affe7352ae6c974ead92" X-ARR-LOG-ID="e1b2fa50-df85-11f0-be3d-088e904feb3e" CLIENT-IP="52.167.112.163:18819" X-SITE-DEPLOYMENT-ID="aria-api-8883" WAS-DEFAULT-HOSTNAME="aria-api-8883.scm.azurewebsites.net" X-Forwarded-Proto="https" X-AppService-Proto="https" X-Forwarded-TlsVersion="1.3" X-WAWS-Unencoded-URL="/api/zipdeploy?isAsync=true" X-Client-IP="52.167.112.163" X-Client-Port="18819" >
  <step title="ZipPushDeploy" date="2025-12-22T22:31:27.328" >
    <step title="ZipDeploy. Extract zip." date="2025-12-22T22:31:27.341" /><!-- duration: 3ms -->
    <step title="None repository commit" date="2025-12-22T22:31:27.357" >
      <step title="Commit id: 80d92ea3-5d73-44b1-b31e-e3639d48cb2f" date="2025-12-22T22:31:27.360" Message="N/A" AuthorName="N/A" AuthorEmail="N/A" /><!-- duration: 2ms -->
    </step><!-- duration: 7ms -->
    <step title="Starting PushDeployAsync" date="2025-12-22T22:31:27.367" /><!-- duration: 3ms -->
    <step title="Writing artifact to /tmp/zipdeploy/6b13bc10-f92b-4ca8-9df2-c08de67655f0.zip" date="2025-12-22T22:31:27.520" >
      <step title="Writing multipart request body to /tmp/zipdeploy/6b13bc10-f92b-4ca8-9df2-c08de67655f0.zip" date="2025-12-22T22:31:27.523" /><!-- duration: 2ms -->
    </step><!-- duration: 122ms -->
    <step title="Start deployment in the background" date="2025-12-22T22:31:27.670" >
      <step title="Acquiring Deployment Lock" date="2025-12-22T22:31:27.731" /><!-- duration: 2ms -->
      <step title="Acquired Deployment Lock" date="2025-12-22T22:31:27.784" /><!-- duration: 3ms -->
    </step><!-- duration: 165ms -->
  </step><!-- duration: 516ms -->
  <step title="Outgoing response" date="2025-12-22T22:31:27.892" type="response" statusCode="202" statusText="Accepted" /><!-- duration: 10ms -->
</step><!-- duration: 1469ms -->
