<step title="Incoming Request" date="2025-12-17T21:04:50.958" instance="d57777" url="/api/zipdeploy?isAsync=true" method="POST" type="request" pid="774,1,15" Accept="*/*" Host="aria-dev-api.scm.azurewebsites.net" User-Agent="AZURECLI/2.67.0 (MSI)" Accept-Encoding="gzip, deflate" Authorization="Bea..." Cache-Control="no-cache" Content-Type="application/octet-stream" Content-Length="179773" x-ms-client-request-id="030dbc89-db8c-11f0-84ad-088e904feb3e" x-ms-artifact-checksum="a18c86192974d593c5fc5b2e4c92bf8df2e765d36a4ee71136607953ab2f5734" X-ARR-LOG-ID="030dbc89-db8c-11f0-84ad-088e904feb3e" CLIENT-IP="52.177.6.198:13892" X-SITE-DEPLOYMENT-ID="aria-dev-api" WAS-DEFAULT-HOSTNAME="aria-dev-api.scm.azurewebsites.net" X-Forwarded-Proto="https" X-AppService-Proto="https" X-Forwarded-TlsVersion="1.3" X-WAWS-Unencoded-URL="/api/zipdeploy?isAsync=true" X-Client-IP="52.177.6.198" X-Client-Port="13892" >
  <step title="Cleanup Xml Logs" date="2025-12-17T21:04:50.967" /><!-- duration: 9ms -->
  <step title="ZipPushDeploy" date="2025-12-17T21:04:51.066" >
    <step title="ZipDeploy. Extract zip. Remote build." date="2025-12-17T21:04:51.081" /><!-- duration: 6ms -->
    <step title="None repository commit" date="2025-12-17T21:04:51.105" >
      <step title="Commit id: 7b251b14-e12d-457f-ae37-389cc1885b10" date="2025-12-17T21:04:51.112" Message="N/A" AuthorName="N/A" AuthorEmail="N/A" /><!-- duration: 3ms -->
    </step><!-- duration: 13ms -->
    <step title="Starting PushDeployAsync" date="2025-12-17T21:04:51.127" /><!-- duration: 5ms -->
    <step title="Writing artifact to /tmp/zipdeploy/b3d15270-54aa-4036-9749-011d49b88366.zip" date="2025-12-17T21:04:51.187" >
      <step title="Writing multipart request body to /tmp/zipdeploy/b3d15270-54aa-4036-9749-011d49b88366.zip" date="2025-12-17T21:04:51.205" /><!-- duration: 3ms -->
    </step><!-- duration: 141ms -->
    <step title="Start deployment in the background" date="2025-12-17T21:04:51.358" >
      <step title="Acquiring Deployment Lock" date="2025-12-17T21:04:51.407" /><!-- duration: 3ms -->
      <step title="Acquired Deployment Lock" date="2025-12-17T21:04:51.495" /><!-- duration: 13ms -->
    </step><!-- duration: 408ms -->
  </step><!-- duration: 719ms -->
  <step title="Outgoing response" date="2025-12-17T21:04:51.798" type="response" statusCode="202" statusText="Accepted" /><!-- duration: 3ms -->
</step><!-- duration: 850ms -->
