<step title="BackgroundTrace" date="2025-12-17T22:23:56.529" instance="8b490c" url="/api/publish" method="POST" >
  <step title="Creating temporary deployment - FetchDeploymentManager" date="2025-12-17T22:23:56.585" /><!-- duration: 3ms -->
  <step title="Creating temporary deployment" date="2025-12-17T22:23:56.591" /><!-- duration: 45ms -->
  <step title="Performing fetch based deployment" date="2025-12-17T22:23:56.669" >
    <step title="Cleaning up temp folders from previous zip deployments and extracting pushed zip file /tmp/zipdeploy/c3d18ed9-cfcb-4d41-bcd3-8654f458572e.zip (0.17 MB) to /tmp/zipdeploy/extracted" date="2025-12-17T22:23:57.834" >
      <step title="ChmodRecursive Process exited with total time taken in ms: 29" date="2025-12-17T22:23:57.903" /><!-- duration: 4ms -->
    </step><!-- duration: 80ms -->
    <step title="Deployment timer started" date="2025-12-17T22:23:59.931" >
      <step title="DeploymentManager.Deploy(id:6cb6ed23-3b50-4dd7-af38-095350f8bf19)" date="2025-12-17T22:23:59.935" >
        <step title="Collecting changeset information" date="2025-12-17T22:23:59.961" /><!-- duration: 126ms -->
        <step title="Updating submodules" date="2025-12-17T22:24:00.092" /><!-- duration: 1152ms -->
        <step title="Determining deployment builder" date="2025-12-17T22:24:01.599" >
          <step title="Builder is OryxBuilder" date="2025-12-17T22:24:01.635" /><!-- duration: 10ms -->
        </step><!-- duration: 59ms -->
        <step title="PreDeployment: context.CleanOutputPath False" date="2025-12-17T22:24:01.765" >
          <step title="PreDeployment: context.OutputPath /home/site/wwwroot" date="2025-12-17T22:24:01.911" >
            <step title="Building" date="2025-12-17T22:24:02.112" >
              <step title="Executing external process" date="2025-12-17T22:24:02.457" type="process" path="bash" arguments="-c &quot;oryx build /tmp/zipdeploy/extracted -o /home/site/wwwroot --platform python --platform-version 3.11 -p virtualenv_name=antenv --log-file /tmp/build-debug.log  -i /tmp/8de3dbafaf64ea1 --compress-destination-dir | tee /tmp/oryx-build.log ; exit $PIPESTATUS &quot;" >
                <step title="Cpu: python(1264,55.770s)+ts(1265,0.130s)+build.sh(1263,0.000s)+build.sh(1262,0.000s)+build.sh(1182,0.030s)+oryx(1162,3.770s)+tee(1163,0.000s)+bash(1161,0.000s)=total(59.700s)" date="2025-12-17T22:25:18.614" /><!-- duration: 20ms -->
                <step title="bash: no io activity for 61s, prev-cpu=-1.000s, current-cpu=59.700s" date="2025-12-17T22:25:18.672" /><!-- duration: 11ms -->
                <step title="Cpu: python(1264,105.860s)+ts(1265,0.130s)+build.sh(1263,0.000s)+build.sh(1262,0.000s)+build.sh(1182,0.030s)+oryx(1162,3.870s)+tee(1163,0.000s)+bash(1161,0.000s)=total(109.890s)" date="2025-12-17T22:26:18.920" /><!-- duration: 27ms -->
                <step title="bash: no io activity for 121s, prev-cpu=59.700s, current-cpu=109.890s" date="2025-12-17T22:26:18.958" /><!-- duration: 38ms -->
                <step title="Cpu: gzip(1342,51.250s)+sh(1341,0.020s)+tar(1340,1.340s)+build.sh(1182,0.040s)+oryx(1162,4.130s)+tee(1163,0.000s)+bash(1161,0.000s)=total(56.770s)" date="2025-12-17T22:27:56.396" /><!-- duration: 20ms -->
                <step title="bash: no io activity for 61s, prev-cpu=-1.000s, current-cpu=56.770s" date="2025-12-17T22:27:56.435" /><!-- duration: 12ms -->
                <step title="Cpu: gzip(1342,99.530s)+sh(1341,0.020s)+tar(1340,2.820s)+build.sh(1182,0.040s)+oryx(1162,4.150s)+tee(1163,0.000s)+bash(1161,0.000s)=total(106.550s)" date="2025-12-17T22:28:56.723" /><!-- duration: 5ms -->
                <step title="bash: no io activity for 121s, prev-cpu=56.770s, current-cpu=106.550s" date="2025-12-17T22:28:56.734" /><!-- duration: 18ms -->
              </step><!-- duration: 323880ms -->
              <step title="Using PythonDeploymentLogParser" date="2025-12-17T22:29:26.767" /><!-- duration: 9ms -->
              <step title="Modified file to trigger a restart of the app container." date="2025-12-17T22:29:28.222" /><!-- duration: 3ms -->
              <step title="Skip function trigger and logicapp sync because function is not enabled." date="2025-12-17T22:29:28.229" /><!-- duration: 4ms -->
            </step><!-- duration: 327098ms -->
          </step><!-- duration: 327305ms -->
          <step title="Cleaning up temp files" date="2025-12-17T22:29:29.219" /><!-- duration: 2226ms -->
          <step title="Cleaning up temp files" date="2025-12-17T22:29:31.449" /><!-- duration: 505ms -->
          <step title="Reloading status file with latest updates" date="2025-12-17T22:29:31.985" >
            <step title="WebHooksManager.PublishEventAsync: PostDeployment" date="2025-12-17T22:29:31.988" /><!-- duration: 34ms -->
          </step><!-- duration: 41ms -->
          <step title="Cleaning up temporary deployment - fetch deployment was successful" date="2025-12-17T22:29:32.032" /><!-- duration: 3ms -->
        </step><!-- duration: 330320ms -->
      </step><!-- duration: 332164ms -->
