﻿<?xml version="1.0" encoding="utf-8"?>
<deployment>
  <id>3677184d-4073-4ede-8ff5-50ccb5b521bf</id>
  <author>N/A</author>
  <deployer>OneDeploy</deployer>
  <authorEmail>N/A</authorEmail>
  <message>OneDeploy</message>
  <progress></progress>
  <status>Failed</status>
  <statusText>Deployment has been stopped due to SCM container restart. The restart can happen due to a management operation on site. Do not perform a management operation and a deployment operation in quick succession. Adding a small delay can help avoid any conflicts.</statusText>
  <lastSuccessEndTime />
  <receivedTime>2025-12-17T22:35:46.0358967Z</receivedTime>
  <startTime>2025-12-17T22:35:47.427438Z</startTime>
  <endTime>2025-12-18T14:56:41.0040421Z</endTime>
  <complete>True</complete>
  <is_temp>False</is_temp>
  <is_readonly>True</is_readonly>
  <buildSummary />
</deployment>