<step title="Incoming Request" date="2025-12-19T00:32:01.924" instance="8b490c" url="/api/deployments/latest" method="GET" type="request" pid="769,1,3" Accept="*/*" Host="aria-dev-api.scm.azurewebsites.net" User-Agent="AZURECLI/2.67.0 (MSI)" Accept-Encoding="gzip, deflate" Authorization="Bea..." x-ms-client-request-id="05d806ba-dc72-11f0-af3f-088e904feb3e" X-ARR-LOG-ID="05d806ba-dc72-11f0-af3f-088e904feb3e" CLIENT-IP="52.167.115.14:21124" X-SITE-DEPLOYMENT-ID="aria-dev-api" WAS-DEFAULT-HOSTNAME="aria-dev-api.scm.azurewebsites.net" X-Forwarded-Proto="https" X-AppService-Proto="https" X-Forwarded-TlsVersion="1.3" X-WAWS-Unencoded-URL="/api/deployments/latest" X-Client-IP="52.167.115.14" X-Client-Port="21124" >
  <step title="Cleanup Xml Logs" date="2025-12-19T00:32:01.936" >
    <step title="Cleanup Infos" date="2025-12-19T00:32:02.017" totalFiles="324" totalCleanup="164" /><!-- duration: 28ms -->
  </step><!-- duration: 120ms -->
  <step title="DeploymentService.GetResult" date="2025-12-19T00:32:02.107" >
    <step title="DeploymentService.GetLatestDeployment" date="2025-12-19T00:32:02.117" >
      <step title="DeploymentManager.GetResults" date="2025-12-19T00:32:02.128" /><!-- duration: 1416ms -->
    </step><!-- duration: 1446ms -->
  </step><!-- duration: 1468ms -->
  <step title="Outgoing response" date="2025-12-19T00:32:03.614" type="response" statusCode="202" statusText="Accepted" /><!-- duration: 20ms -->
</step><!-- duration: 1721ms -->
