<step title="Incoming Request" date="2025-12-17T22:23:56.432" instance="8b490c" url="/api/publish?type=zip&amp;async=True" method="POST" type="request" pid="768,1,17" Accept="*/*" Host="aria-dev-api.scm.azurewebsites.net" User-Agent="AZURECLI/2.67.0 (MSI)" Accept-Encoding="gzip, deflate" Authorization="Bea..." Cache-Control="no-cache" Content-Type="application/octet-stream" Content-Length="180500" x-ms-client-request-id="0eb68965-db97-11f0-b205-088e904feb3e" x-ms-artifact-checksum="584613b5a2db9ac07363559842bffa5b83d0a42daf20ec310de1091ab9fc5dfa" X-ARR-LOG-ID="0eb68965-db97-11f0-b205-088e904feb3e" CLIENT-IP="52.167.112.163:18635" X-SITE-DEPLOYMENT-ID="aria-dev-api" WAS-DEFAULT-HOSTNAME="aria-dev-api.scm.azurewebsites.net" X-Forwarded-Proto="https" X-AppService-Proto="https" X-Forwarded-TlsVersion="1.3" X-WAWS-Unencoded-URL="/api/publish?type=zip&amp;async=True" X-Client-IP="52.167.112.163" X-Client-Port="18635" >
  <step title="Cleanup Xml Logs" date="2025-12-17T22:23:56.436" /><!-- duration: 11ms -->
  <step title="OneDeploy" date="2025-12-17T22:23:56.466" >
    <step title="Starting PushDeployAsync" date="2025-12-17T22:23:56.473" /><!-- duration: 3ms -->
    <step title="Writing artifact to /tmp/zipdeploy/c3d18ed9-cfcb-4d41-bcd3-8654f458572e.zip" date="2025-12-17T22:23:56.485" >
      <step title="Writing multipart request body to /tmp/zipdeploy/c3d18ed9-cfcb-4d41-bcd3-8654f458572e.zip" date="2025-12-17T22:23:56.488" /><!-- duration: 3ms -->
    </step><!-- duration: 26ms -->
    <step title="Removing previous build artifact&apos;s manifest file" date="2025-12-17T22:23:56.516" >
      <step title="Start deployment in the background" date="2025-12-17T22:23:56.523" >
        <step title="Acquiring Deployment Lock" date="2025-12-17T22:23:56.539" /><!-- duration: 3ms -->
        <step title="Acquired Deployment Lock" date="2025-12-17T22:23:56.579" /><!-- duration: 3ms -->
      </step><!-- duration: 117ms -->
    </step><!-- duration: 131ms -->
    <step title="Outgoing response" date="2025-12-17T22:23:56.656" type="response" statusCode="202" statusText="Accepted" /><!-- duration: 3ms -->
  </step><!-- duration: 195ms -->
