<step title="Incoming Request" date="2025-12-17T20:58:49.352" instance="d57777" url="/api/zipdeploy?isAsync=true" method="POST" type="request" pid="768,1,30" Accept="*/*" Host="aria-dev-api.scm.azurewebsites.net" User-Agent="AZURECLI/2.67.0 (MSI)" Accept-Encoding="gzip, deflate" Authorization="Bea..." Cache-Control="no-cache" Content-Type="application/octet-stream" Content-Length="179773" x-ms-client-request-id="2ad26bb7-db8b-11f0-a468-088e904feb3e" x-ms-artifact-checksum="649ba95093c8c77956d88ba98ba0617e63700a18c9469bfb19259a798b86c734" X-ARR-LOG-ID="2ad26bb7-db8b-11f0-a468-088e904feb3e" CLIENT-IP="52.177.6.198:41920" X-SITE-DEPLOYMENT-ID="aria-dev-api" WAS-DEFAULT-HOSTNAME="aria-dev-api.scm.azurewebsites.net" X-Forwarded-Proto="https" X-AppService-Proto="https" X-Forwarded-TlsVersion="1.3" X-WAWS-Unencoded-URL="/api/zipdeploy?isAsync=true" X-Client-IP="52.177.6.198" X-Client-Port="41920" >
  <step title="Cleanup Xml Logs" date="2025-12-17T20:58:49.357" /><!-- duration: 8ms -->
  <step title="ZipPushDeploy" date="2025-12-17T20:58:49.586" >
    <step title="ZipDeploy. Extract zip. Remote build." date="2025-12-17T20:58:49.657" /><!-- duration: 20ms -->
    <step title="Starting PushDeployAsync" date="2025-12-17T20:58:49.718" /><!-- duration: 9ms -->
    <step title="Writing artifact to /tmp/zipdeploy/9f8e5a87-3eaa-41c7-9dc9-955f40e3b2ff.zip" date="2025-12-17T20:58:49.765" >
      <step title="Writing multipart request body to /tmp/zipdeploy/9f8e5a87-3eaa-41c7-9dc9-955f40e3b2ff.zip" date="2025-12-17T20:58:49.788" /><!-- duration: 18ms -->
    </step><!-- duration: 247ms -->
    <step title="Removing previous build artifact&apos;s manifest file" date="2025-12-17T20:58:50.036" >
      <step title="Start deployment in the background" date="2025-12-17T20:58:50.120" >
        <step title="Acquiring Deployment Lock" date="2025-12-17T20:58:50.171" /><!-- duration: 6ms -->
        <step title="Acquired Deployment Lock" date="2025-12-17T20:58:50.256" /><!-- duration: 12ms -->
      </step><!-- duration: 372ms -->
    </step><!-- duration: 548ms -->
    <step title="Outgoing response" date="2025-12-17T20:58:50.871" type="response" statusCode="202" statusText="Accepted" /><!-- duration: 21ms -->
  </step><!-- duration: 1337ms -->
