<step title="BackgroundTrace" date="2025-12-17T22:35:42.379" instance="8b490c" url="/api/publish" method="POST" >
  <step title="Creating temporary deployment - FetchDeploymentManager" date="2025-12-17T22:35:42.441" /><!-- duration: 3ms -->
  <step title="Creating temporary deployment" date="2025-12-17T22:35:42.449" /><!-- duration: 116ms -->
  <step title="Performing fetch based deployment" date="2025-12-17T22:35:42.634" >
    <step title="Cleaning up temp folders from previous zip deployments and extracting pushed zip file /tmp/zipdeploy/b57f056b-31f8-43b1-a7a8-d0b711a18fcd.zip (0.17 MB) to /tmp/zipdeploy/extracted" date="2025-12-17T22:35:43.849" >
      <step title="ChmodRecursive Process exited with total time taken in ms: 57" date="2025-12-17T22:35:43.953" /><!-- duration: 4ms -->
    </step><!-- duration: 124ms -->
    <step title="Deployment timer started" date="2025-12-17T22:35:45.979" >
      <step title="DeploymentManager.Deploy(id:3677184d-4073-4ede-8ff5-50ccb5b521bf)" date="2025-12-17T22:35:45.985" >
        <step title="Collecting changeset information" date="2025-12-17T22:35:46.000" /><!-- duration: 125ms -->
        <step title="Updating submodules" date="2025-12-17T22:35:46.130" /><!-- duration: 1149ms -->
        <step title="Determining deployment builder" date="2025-12-17T22:35:47.502" >
          <step title="Builder is OryxBuilder" date="2025-12-17T22:35:47.514" /><!-- duration: 5ms -->
        </step><!-- duration: 21ms -->
        <step title="PreDeployment: context.CleanOutputPath False" date="2025-12-17T22:35:47.578" >
          <step title="PreDeployment: context.OutputPath /home/site/wwwroot" date="2025-12-17T22:35:47.717" >
            <step title="Building" date="2025-12-17T22:35:47.851" >
              <step title="Executing external process" date="2025-12-17T22:35:48.132" type="process" path="bash" arguments="-c &quot;oryx build /tmp/zipdeploy/extracted -o /home/site/wwwroot --platform python --platform-version 3.11 -p virtualenv_name=antenv --log-file /tmp/build-debug.log  -i /tmp/8de3dbc9fadaa1f --compress-destination-dir | tee /tmp/oryx-build.log ; exit $PIPESTATUS &quot;" 