﻿<?xml version="1.0" encoding="utf-8"?>
<deployment>
  <id>d98b634fabbf3cb3819a09d517d178b203d7a5de1767052800187</id>
  <author>antonyrugama</author>
  <deployer>GitHub</deployer>
  <authorEmail />
  <message>{"type":"Deployment","sha":"d98b634fabbf3cb3819a09d517d178b203d7a5de","repoName":"Tracklit/Aria","actor":"antonyrugama","slotName":"production"}</message>
  <progress />
  <status>Success</status>
  <statusText />
  <lastSuccessEndTime>2025-12-30T00:00:21.5936216Z</lastSuccessEndTime>
  <receivedTime>2025-12-30T00:00:21.5936216Z</receivedTime>
  <startTime>2025-12-30T00:00:21.5936216Z</startTime>
  <endTime>2025-12-30T00:00:21.5936216Z</endTime>
  <complete>True</complete>
  <is_temp>False</is_temp>
  <is_readonly>True</is_readonly>
  <buildSummary />
</deployment>