﻿<?xml version="1.0" encoding="utf-8"?>
<deployment>
  <id>45af91c1-946b-4e1e-bed6-465309b0e645</id>
  <author>N/A</author>
  <deployer>OneDeploy</deployer>
  <authorEmail>N/A</authorEmail>
  <message>N/A</message>
  <progress></progress>
  <status>Success</status>
  <statusText></statusText>
  <lastSuccessEndTime>2025-12-19T20:43:47.6115752Z</lastSuccessEndTime>
  <receivedTime>2025-12-19T20:35:41.8350761Z</receivedTime>
  <startTime>2025-12-19T20:35:43.2065092Z</startTime>
  <endTime>2025-12-19T20:43:47.6115752Z</endTime>
  <complete>True</complete>
  <is_temp>False</is_temp>
  <is_readonly>True</is_readonly>
  <buildSummary />
</deployment>