﻿<?xml version="1.0" encoding="utf-8"?>
<deployment>
  <id>b5450543f5c8c11f5c81e920f1c47f7ab416bca71766619974295</id>
  <author>antonyrugama</author>
  <deployer>GitHub</deployer>
  <authorEmail />
  <message>{"type":"Deployment","sha":"b5450543f5c8c11f5c81e920f1c47f7ab416bca7","repoName":"Tracklit/Aria","actor":"antonyrugama","slotName":"production"}</message>
  <progress />
  <status>Success</status>
  <statusText />
  <lastSuccessEndTime>2025-12-24T23:46:16.3318498Z</lastSuccessEndTime>
  <receivedTime>2025-12-24T23:46:16.3318498Z</receivedTime>
  <startTime>2025-12-24T23:46:16.3318498Z</startTime>
  <endTime>2025-12-24T23:46:16.3318498Z</endTime>
  <complete>True</complete>
  <is_temp>False</is_temp>
  <is_readonly>True</is_readonly>
  <buildSummary />
</deployment>