﻿<?xml version="1.0" encoding="utf-8"?>
<deployment>
  <id>f6890a59-ce07-42a9-b21d-b422230c4280</id>
  <author>N/A</author>
  <deployer>Push-Deployer</deployer>
  <authorEmail>N/A</authorEmail>
  <message>N/A</message>
  <progress></progress>
  <status>Failed</status>
  <statusText>Deployment has been stopped due to SCM container restart. The restart can happen due to a management operation on site. Do not perform a management operation and a deployment operation in quick succession. Adding a small delay can help avoid any conflicts.</statusText>
  <lastSuccessEndTime />
  <receivedTime>2025-12-19T16:49:50.5785672Z</receivedTime>
  <startTime>2025-12-19T16:49:52.4366431Z</startTime>
  <endTime>2025-12-19T16:50:48.9937462Z</endTime>
  <complete>True</complete>
  <is_temp>False</is_temp>
  <is_readonly>True</is_readonly>
  <buildSummary />
</deployment>