﻿<?xml version="1.0" encoding="utf-8"?>
<deployment>
  <id>118ee99e-19e9-4e70-a8b5-9dbf38ba6dcf</id>
  <author>N/A</author>
  <deployer>Push-Deployer</deployer>
  <authorEmail>N/A</authorEmail>
  <message>N/A</message>
  <progress></progress>
  <status>Success</status>
  <statusText></statusText>
  <lastSuccessEndTime>2025-12-24T01:39:21.7373301Z</lastSuccessEndTime>
  <receivedTime>2025-12-24T01:36:39.326952Z</receivedTime>
  <startTime>2025-12-24T01:36:40.7129636Z</startTime>
  <endTime>2025-12-24T01:39:21.7373301Z</endTime>
  <complete>True</complete>
  <is_temp>False</is_temp>
  <is_readonly>True</is_readonly>
  <buildSummary />
</deployment>