﻿<?xml version="1.0" encoding="utf-8"?>
<deployment>
  <id>b7f6f1ea3fb938d8938d44e73566c3aea90910281767053144339</id>
  <author>antonyrugama</author>
  <deployer>GitHub</deployer>
  <authorEmail />
  <message>{"type":"Deployment","sha":"b7f6f1ea3fb938d8938d44e73566c3aea9091028","repoName":"Tracklit/Aria","actor":"antonyrugama","slotName":"production"}</message>
  <progress />
  <status>Success</status>
  <statusText />
  <lastSuccessEndTime>2025-12-30T00:05:50.4093137Z</lastSuccessEndTime>
  <receivedTime>2025-12-30T00:05:50.4093137Z</receivedTime>
  <startTime>2025-12-30T00:05:50.4093137Z</startTime>
  <endTime>2025-12-30T00:05:50.4093137Z</endTime>
  <complete>True</complete>
  <is_temp>False</is_temp>
  <is_readonly>True</is_readonly>
  <buildSummary />
</deployment>