<step title="Incoming Request" date="2025-12-18T14:19:10.239" instance="8b490c" url="/api/publish?type=zip&amp;async=False" method="POST" type="request" pid="768,1,74" Accept="*/*" Host="aria-dev-api.scm.azurewebsites.net" User-Agent="AZURECLI/2.67.0 (MSI)" Accept-Encoding="gzip, deflate" Authorization="Bea..." Cache-Control="no-cache" Content-Type="application/octet-stream" Content-Length="201147" x-ms-client-request-id="803ab5a3-dc1c-11f0-9a7f-088e904feb3e" x-ms-artifact-checksum="94f4586d9007007aed8322fa9f39d8c566cdca1c05494df1edd96941050c42a3" X-ARR-LOG-ID="803ab5a3-dc1c-11f0-9a7f-088e904feb3e" CLIENT-IP="52.167.112.163:35201" X-SITE-DEPLOYMENT-ID="aria-dev-api" WAS-DEFAULT-HOSTNAME="aria-dev-api.scm.azurewebsites.net" X-Forwarded-Proto="https" X-AppService-Proto="https" X-Forwarded-TlsVersion="1.3" X-WAWS-Unencoded-URL="/api/publish?type=zip&amp;async=False" X-Client-IP="52.167.112.163" X-Client-Port="35201" >
  <step title="Cleanup Xml Logs" date="2025-12-18T14:19:10.242" >
    <step title="Cleanup Infos" date="2025-12-18T14:19:10.256" totalFiles="270" totalCleanup="110" /><!-- duration: 6ms -->
  </step><!-- duration: 23ms -->
  <step title="OneDeploy" date="2025-12-18T14:19:10.284" >
    <step title="Starting PushDeployAsync" date="2025-12-18T14:19:10.298" /><!-- duration: 4ms -->
    <step title="Writing artifact to /tmp/zipdeploy/994dc6e2-c99e-4e46-a5f7-77a0c0c436f6.zip" date="2025-12-18T14:19:10.315" >
      <step title="Writing multipart request body to /tmp/zipdeploy/994dc6e2-c99e-4e46-a5f7-77a0c0c436f6.zip" date="2025-12-18T14:19:10.319" /><!-- duration: 3ms -->
    </step><!-- duration: 46ms -->
    <step title="Removing previous build artifact&apos;s manifest file" date="2025-12-18T14:19:10.369" >
      <step title="Attempting to fetch target branch HEAD" date="2025-12-18T14:19:10.381" /><!-- duration: 3ms -->
      <step title="Acquiring Deployment Lock" date="2025-12-18T14:19:10.389" /><!-- duration: 3ms -->
      <step title="Acquired Deployment Lock" date="2025-12-18T14:19:10.443" /><!-- duration: 6ms -->
      <step title="Performing fetch based deployment" date="2025-12-18T14:19:10.456" >
        <step title="Creating temporary deployment" date="2025-12-18T14:19:10.463" /><!-- duration: 74ms -->
        <step title="Releasing Deployment Lock" date="2025-12-18T14:19:11.774" /><!-- duration: 9ms -->
        <step title="Cleaning up temp folders from previous zip deployments and extracting pushed zip file /tmp/zipdeploy/994dc6e2-c99e-4e46-a5f7-77a0c0c436f6.zip (0.19 MB) to /tmp/zipdeploy/extracted" date="2025-12-18T14:19:11.808" >
          <step title="ChmodRecursive Process exited with total time taken in ms: 62" date="2025-12-18T14:19:11.914" /><!-- duration: 4ms -->
        </step><!-- duration: 118ms -->
        <step title="None repository commit" date="2025-12-18T14:19:11.931" >
          <step title="Commit id: 20d090d5-04f5-459f-b55f-821ae362a6ed" date="2025-12-18T14:19:11.934" Message="OneDeploy" AuthorName="N/A" AuthorEmail="N/A" /><!-- duration: 4ms -->
        </step><!-- duration: 10ms -->
        <step title="Deployment timer started" date="2025-12-18T14:19:13.948" >
          <step title="DeploymentManager.Deploy(id:20d090d5-04f5-459f-b55f-821ae362a6ed)" date="2025-12-18T14:19:13.953" >
            <step title="Collecting changeset information" date="2025-12-18T14:19:13.967" /><!-- duration: 126ms -->
            <step title="Updating submodules" date="2025-12-18T14:19:14.112" /><!-- duration: 1182ms -->
            <step title="Determining deployment builder" date="2025-12-18T14:19:15.532" >
              <step title="Builder is OryxBuilder" date="2025-12-18T14:19:15.558" /><!-- duration: 9ms -->
            </step><!-- duration: 39ms -->
            <step title="PreDeployment: context.CleanOutputPath False" date="2025-12-18T14:19:15.630" >
              <step title="PreDeployment: context.OutputPath /home/site/wwwroot" date="2025-12-18T14:19:15.759" >
                <step title="Building" date="2025-12-18T14:19:15.938" >
                  <step title="Executing external process" date="2025-12-18T14:19:16.314" type="process" path="bash" arguments="-c &quot;oryx build /tmp/zipdeploy/extracted -o /home/site/wwwroot --platform python --platform-version 3.11 -p virtualenv_name=antenv --log-file /tmp/build-debug.log  -i /tmp/8de3e406cb3bfdb --compress-destination-dir | tee /tmp/oryx-build.log ; exit $PIPESTATUS &quot;" >
                    <step title="Cpu: python(13395,48.330s)+ts(13396,0.110s)+build.sh(13394,0.000s)+build.sh(13393,0.000s)+build.sh(13312,0.040s)+oryx(13293,3.950s)+tee(13294,0.010s)+bash(13292,0.000s)=total(52.360s)" date="2025-12-18T14:20:33.100" /><!-- duration: 41ms -->
                    <step title="bash: no io activity for 61s, prev-cpu=-1.000s, current-cpu=52.360s" date="2025-12-18T14:20:33.249" /><!-- duration: 71ms -->
                    <step title="Cpu: python(13395,103.990s)+ts(13396,0.110s)+build.sh(13394,0.000s)+build.sh(13393,0.000s)+build.sh(13312,0.040s)+oryx(13293,4.020s)+tee(13294,0.010s)+bash(13292,0.000s)=total(108.160s)" date="2025-12-18T14:21:33.591" /><!-- duration: 37ms -->
                    <step title="bash: no io activity for 122s, prev-cpu=52.360s, current-cpu=108.160s" date="2025-12-18T14:21:33.640" /><!-- duration: 28ms -->
                    <step title="Cpu: gzip(13465,55.180s)+sh(13464,0.000s)+tar(13463,1.370s)+build.sh(13312,0.050s)+oryx(13293,4.260s)+tee(13294,0.010s)+bash(13292,0.000s)=total(60.870s)" date="2025-12-18T14:23:15.968" /><!-- duration: 6ms -->
                    <step title="bash: no io activity for 60s, prev-cpu=-1.000s, current-cpu=60.870s" date="2025-12-18T14:23:15.977" /><!-- duration: 13ms -->
                    <step title="Cpu: gzip(13465,113.040s)+sh(13464,0.000s)+tar(13463,2.880s)+build.sh(13312,0.050s)+oryx(13293,4.320s)+tee(13294,0.010s)+bash(13292,0.000s)=total(120.300s)" date="2025-12-18T14:24:16.131" /><!-- duration: 5ms -->
                    <step title="bash: no io activity for 120s, prev-cpu=60.870s, current-cpu=120.300s" date="2025-12-18T14:24:16.167" /><!-- duration: 12ms -->
                  </step><!-- duration: 313273ms -->
                  <step title="Using PythonDeploymentLogParser" date="2025-12-18T14:24:29.974" /><!-- duration: 6ms -->
                  <step title="Modified file to trigger a restart of the app container." date="2025-12-18T14:24:31.493" /><!-- duration: 3ms -->
                  <step title="Skip function trigger and logicapp sync because function is not enabled." date="2025-12-18T14:24:31.504" /><!-- duration: 3ms -->
                  <step title="Purge deployment items" date="2025-12-18T14:24:32.632" >
                    <step title="Remove temp-45db, Pending, received at 12/18/2025 14:19:10" date="2025-12-18T14:24:32.707" /><!-- duration: 4ms -->
                  </step><!-- duration: 82ms -->
                </step><!-- duration: 316901ms -->
              </step><!-- duration: 317085ms -->
              <step title="Cleaning up temp files" date="2025-12-18T14:24:32.847" /><!-- duration: 2303ms -->
              <step title="Cleaning up temp files" date="2025-12-18T14:24:35.156" /><!-- duration: 509ms -->
              <step title="Reloading status file with latest updates" date="2025-12-18T14:24:35.721" >
                <step title="WebHooksManager.PublishEventAsync: PostDeployment" date="2025-12-18T14:24:35.724" /><!-- duration: 34ms -->
              </step><!-- duration: 40ms -->
              <step title="Cleaning up temporary deployment - fetch deployment was successful" date="2025-12-18T14:24:35.771" /><!-- duration: 3ms -->
            </step><!-- duration: 320198ms -->
          </step><!-- duration: 321885ms -->
          <step title="Outgoing response" date="2025-12-18T14:24:35.842" type="response" statusCode="200" statusText="OK" /><!-- duration: 3ms -->
        </step><!-- duration: 321899ms -->
