﻿<?xml version="1.0" encoding="utf-8"?>
<deployment>
  <id>eae115c8-e40a-48f5-9ccc-cf86589d1894</id>
  <author>N/A</author>
  <deployer>OneDeploy</deployer>
  <authorEmail>N/A</authorEmail>
  <message>OneDeploy</message>
  <progress></progress>
  <status>Success</status>
  <statusText></statusText>
  <lastSuccessEndTime>2025-12-17T22:22:53.1557228Z</lastSuccessEndTime>
  <receivedTime>2025-12-17T22:16:16.6279008Z</receivedTime>
  <startTime>2025-12-17T22:16:18.4294201Z</startTime>
  <endTime>2025-12-17T22:22:53.1557228Z</endTime>
  <complete>True</complete>
  <is_temp>False</is_temp>
  <is_readonly>True</is_readonly>
  <buildSummary />
</deployment>