﻿<?xml version="1.0" encoding="utf-8"?>
<deployment>
  <id>3d2891af-bde2-4244-90f0-81c815b11051</id>
  <author>N/A</author>
  <deployer>Push-Deployer</deployer>
  <authorEmail>N/A</authorEmail>
  <message>Created via a push deployment</message>
  <progress></progress>
  <status>Success</status>
  <statusText></statusText>
  <lastSuccessEndTime>2025-12-17T20:51:00.4299462Z</lastSuccessEndTime>
  <receivedTime>2025-12-17T20:44:55.9033963Z</receivedTime>
  <startTime>2025-12-17T20:44:57.536559Z</startTime>
  <endTime>2025-12-17T20:51:00.4299462Z</endTime>
  <complete>True</complete>
  <is_temp>False</is_temp>
  <is_readonly>True</is_readonly>
  <buildSummary />
</deployment>