﻿<?xml version="1.0" encoding="utf-8"?>
<deployment>
  <id>45616dc1-2eef-4767-98ac-64c1b89271e6</id>
  <author>N/A</author>
  <deployer>Push-Deployer</deployer>
  <authorEmail>N/A</authorEmail>
  <message>Created via a push deployment</message>
  <progress></progress>
  <status>Success</status>
  <statusText></statusText>
  <lastSuccessEndTime>2025-12-17T18:33:04.9678685Z</lastSuccessEndTime>
  <receivedTime>2025-12-17T18:30:16.2215173Z</receivedTime>
  <startTime>2025-12-17T18:30:17.6847206Z</startTime>
  <endTime>2025-12-17T18:33:04.9678685Z</endTime>
  <complete>True</complete>
  <is_temp>False</is_temp>
  <is_readonly>True</is_readonly>
  <buildSummary />
</deployment>