<step title="Incoming Request" date="2025-12-16T20:28:38.599" instance="930b1d" url="/api/zipdeploy?isAsync=true" method="POST" type="request" pid="768,1,17" Accept="*/*" Host="aria-dev-api.scm.azurewebsites.net" User-Agent="AZURECLI/2.67.0 (MSI)" Accept-Encoding="gzip, deflate" Authorization="Bea..." Cache-Control="no-cache" Content-Type="application/octet-stream" Content-Length="182216" x-ms-client-request-id="c8c5d79c-dabd-11f0-b834-088e904feb3e" x-ms-artifact-checksum="e48a8c619b6718136c1a81de400c81d3a04265f6f1d518e6f627ecf267e141db" X-ARR-LOG-ID="c8c5d79c-dabd-11f0-b834-088e904feb3e" CLIENT-IP="52.167.112.163:51014" X-SITE-DEPLOYMENT-ID="aria-dev-api" WAS-DEFAULT-HOSTNAME="aria-dev-api.scm.azurewebsites.net" X-Forwarded-Proto="https" X-AppService-Proto="https" X-Forwarded-TlsVersion="1.3" X-WAWS-Unencoded-URL="/api/zipdeploy?isAsync=true" X-Client-IP="52.167.112.163" X-Client-Port="51014" >
  <step title="ZipPushDeploy" date="2025-12-16T20:28:39.640" >
    <step title="ZipDeploy. Extract zip. Remote build." date="2025-12-16T20:28:39.671" /><!-- duration: 9ms -->
    <step title="None repository commit" date="2025-12-16T20:28:39.700" >
      <step title="Commit id: e9629203-9432-490b-b7c0-561ffae382ff" date="2025-12-16T20:28:39.709" Message="N/A" AuthorName="N/A" AuthorEmail="N/A" /><!-- duration: 4ms -->
    </step><!-- duration: 16ms -->
    <step title="Starting PushDeployAsync" date="2025-12-16T20:28:39.719" /><!-- duration: 3ms -->
    <step title="Writing artifact to /tmp/zipdeploy/b610393a-a753-416d-9570-f88ad4703008.zip" date="2025-12-16T20:28:39.741" >
      <step title="Writing multipart request body to /tmp/zipdeploy/b610393a-a753-416d-9570-f88ad4703008.zip" date="2025-12-16T20:28:39.762" /><!-- duration: 20ms -->
    </step><!-- duration: 149ms -->
    <step title="Start deployment in the background" date="2025-12-16T20:28:39.912" >
      <step title="Acquiring Deployment Lock" date="2025-12-16T20:28:39.972" /><!-- duration: 3ms -->
      <step title="Acquired Deployment Lock" date="2025-12-16T20:28:40.030" /><!-- duration: 13ms -->
    </step><!-- duration: 450ms -->
  </step><!-- duration: 756ms -->
  <step title="Outgoing response" date="2025-12-16T20:28:40.436" type="response" statusCode="202" statusText="Accepted" /><!-- duration: 5ms -->
</step><!-- duration: 1845ms -->
