﻿<?xml version="1.0" encoding="utf-8"?>
<deployment>
  <id>6cb6ed23-3b50-4dd7-af38-095350f8bf19</id>
  <author>N/A</author>
  <deployer>OneDeploy</deployer>
  <authorEmail>N/A</authorEmail>
  <message>OneDeploy</message>
  <progress></progress>
  <status>Success</status>
  <statusText></statusText>
  <lastSuccessEndTime>2025-12-17T22:29:28.6024784Z</lastSuccessEndTime>
  <receivedTime>2025-12-17T22:24:00.0012419Z</receivedTime>
  <startTime>2025-12-17T22:24:01.4826866Z</startTime>
  <endTime>2025-12-17T22:29:28.6024784Z</endTime>
  <complete>True</complete>
  <is_temp>False</is_temp>
  <is_readonly>True</is_readonly>
  <buildSummary />
</deployment>