<step title="BackgroundTrace" date="2025-12-17T20:58:50.129" instance="d57777" url="/api/zipdeploy" method="POST" >
  <step title="Creating temporary deployment - FetchDeploymentManager" date="2025-12-17T20:58:50.281" /><!-- duration: 5ms -->
  <step title="Creating temporary deployment" date="2025-12-17T20:58:50.296" /><!-- duration: 189ms -->
  <step title="Performing fetch based deployment" date="2025-12-17T20:58:50.962" >
    <step title="Cleaning up temp folders from previous zip deployments and extracting pushed zip file /tmp/zipdeploy/9f8e5a87-3eaa-41c7-9dc9-955f40e3b2ff.zip (0.17 MB) to /tmp/zipdeploy/extracted" date="2025-12-17T20:58:52.251" >
      <step title="ChmodRecursive Process exited with total time taken in ms: 915" date="2025-12-17T20:58:53.279" /><!-- duration: 30ms -->
    </step><!-- duration: 1068ms -->
    <step title="Deployment timer started" date="2025-12-17T20:58:55.421" >
      <step title="DeploymentManager.Deploy(id:43a9b11c-db07-4873-9c85-211752df43de)" date="2025-12-17T20:58:55.463" >
        <step title="Collecting changeset information" date="2025-12-17T20:58:55.559" /><!-- duration: 192ms -->
        <step title="Updating submodules" date="2025-12-17T20:58:55.766" /><!-- duration: 1163ms -->
        <step title="Determining deployment builder" date="2025-12-17T20:58:57.514" >
          <step title="Builder is OryxBuilder" date="2025-12-17T20:58:57.604" /><!-- duration: 11ms -->
        </step><!-- duration: 111ms -->
        <step title="PreDeployment: context.CleanOutputPath False" date="2025-12-17T20:58:58.938" >
          <step title="PreDeployment: context.OutputPath /home/site/wwwroot" date="2025-12-17T20:58:59.447" >
            <step title="Building" date="2025-12-17T20:58:59.823" >
              <step title="Executing external process" date="2025-12-17T20:59:00.654" type="process" path="bash" arguments="-c &quot;oryx build /tmp/zipdeploy/extracted -o /home/site/wwwroot --platform python --platform-version 3.11 -p virtualenv_name=antenv --log-file /tmp/build-debug.log  -i /tmp/8de3daf18b8421e --compress-destination-dir | tee /tmp/oryx-build.log ; exit $PIPESTATUS &quot;" >
                <step title="Error occurred" date="2025-12-17T21:00:16.222" type="error" text="GetParentProcessLinux (1375) failed.: Could not find a part of the path &apos;/proc/1375/stat&apos;." stackTrace="   at Interop.ThrowExceptionForIoErrno(ErrorInfo errorInfo, String path, Boolean isDirError)
   at Microsoft.Win32.SafeHandles.SafeFileHandle.Open(String fullPath, FileMode mode, FileAccess access, FileShare share, FileOptions options, Int64 preallocationSize, UnixFileMode openPermissions, Int64&amp; fileLength, UnixFileMode&amp; filePermissions, Boolean failForSymlink, Boolean&amp; wasSymlink, Func`4 createOpenException)
   at System.IO.Strategies.OSFileStreamStrategy..ctor(String path, FileMode mode, FileAccess access, FileShare share, FileOptions options, Int64 preallocationSize, Nullable`1 unixCreateMode)
   at System.IO.StreamReader.ValidateArgsAndOpenPath(String path, Encoding encoding, Int32 bufferSize)
   at System.IO.File.ReadLines(String path)
   at Kudu.Core.Infrastructure.ProcessExtensions.GetParentProcessLinux(Process process, ITracer tracer) in /tmp/KuduLite/Kudu.Core/Infrastructure/ProcessExtensions.cs:line 155" /><!-- duration: 106ms -->
                <step title="Cpu: python3.11(1355,5.850s)+python3.11(1354,0.250s)+python3.11(1353,0.260s)+build.sh(1281,0.070s)+oryx(1261,4.530s)+tee(1262,0.000s)+bash(1260,0.000s)=total(10.960s)" date="2025-12-17T21:00:16.957" /><!-- duration: 156ms -->
                <step title="bash: no io activity for 60s, prev-cpu=-1.000s, current-cpu=10.960s" date="2025-12-17T21:00:17.486" /><!-- duration: 87ms -->
