﻿<?xml version="1.0" encoding="utf-8"?>
<deployment>
  <id>529a965d-b294-4093-ac65-ff462a9d3739</id>
  <author>N/A</author>
  <deployer>Push-Deployer</deployer>
  <authorEmail>N/A</authorEmail>
  <message>Created via a push deployment</message>
  <progress></progress>
  <status>Success</status>
  <statusText></statusText>
  <lastSuccessEndTime>2025-12-22T18:24:21.0085958Z</lastSuccessEndTime>
  <receivedTime>2025-12-22T18:14:11.8138806Z</receivedTime>
  <startTime>2025-12-22T18:14:13.2574415Z</startTime>
  <endTime>2025-12-22T18:24:21.0085958Z</endTime>
  <complete>True</complete>
  <is_temp>False</is_temp>
  <is_readonly>True</is_readonly>
  <buildSummary />
</deployment>