<step title="Incoming Request" date="2025-12-19T00:59:12.609" instance="8b490c" url="/deploy?scmType=ExternalGit&amp;isAsync=true" method="POST" type="request" pid="768,1,7" Host="aria-dev-api.scm.azurewebsites.net" User-Agent="Azure-WebSites-Controller/106.0.7.121" Authorization="Bas..." Expect="100-continue" Content-Length="72" x-ms-request-id="d5c43028-e7c2-4f9f-8fa3-36301303421d" X-ARR-LOG-ID="d5c43028-e7c2-4f9f-8fa3-36301303421d" CLIENT-IP="40.112.243.121:15042" X-SITE-DEPLOYMENT-ID="aria-dev-api" WAS-DEFAULT-HOSTNAME="aria-dev-api.scm.azurewebsites.net" X-MS-PLATFORM-INTERNAL="True" X-Forwarded-Proto="https" X-AppService-Proto="https" X-Forwarded-TlsVersion="1.3" X-WAWS-Unencoded-URL="/deploy?scmType=ExternalGit&amp;isAsync=true" X-Client-IP="40.112.243.121" X-Client-Port="15042" >
  <step title="FetchHandler" date="2025-12-19T00:59:12.632" >
    <step title="GitExeRepository.Initialize" date="2025-12-19T00:59:12.697" >
      <step title="Executing external process" date="2025-12-19T00:59:12.702" type="process" path="git" arguments="init" /><!-- duration: 162ms -->
      <step title="Executing external process" date="2025-12-19T00:59:12.867" type="process" path="git" arguments="config core.autocrlf false" /><!-- duration: 16ms -->
      <step title="Executing external process" date="2025-12-19T00:59:12.886" type="process" path="git" arguments="config core.preloadindex true" /><!-- duration: 13ms -->
      <step title="Executing external process" date="2025-12-19T00:59:12.903" type="process" path="git" arguments="config user.name &quot;unknown&quot;" /><!-- duration: 13ms -->
      <step title="Executing external process" date="2025-12-19T00:59:12.920" type="process" path="git" arguments="config user.email &quot;unknown&quot;" /><!-- duration: 15ms -->
      <step title="Executing external process" date="2025-12-19T00:59:12.940" type="process" path="git" arguments="config filter.lfs.clean &quot;git-lfs clean %f&quot;" /><!-- duration: 23ms -->
      <step title="Executing external process" date="2025-12-19T00:59:12.966" type="process" path="git" arguments="config filter.lfs.smudge &quot;git-lfs smudge %f&quot;" /><!-- duration: 21ms -->
      <step title="Executing external process" date="2025-12-19T00:59:12.990" type="process" path="git" arguments="config filter.lfs.required true" /><!-- duration: 15ms -->
      <step title="Configure git server" date="2025-12-19T00:59:13.010" >
        <step title="Executing external process" date="2025-12-19T00:59:13.013" type="process" path="git" arguments="config receive.denyCurrentBranch ignore" /><!-- duration: 14ms -->
      </step><!-- duration: 19ms -->
      <step title="Create deny users for .git folder" date="2025-12-19T00:59:13.031" /><!-- duration: 53ms -->
      <step title="Configure git-credential" date="2025-12-19T00:59:13.089" >
        <step title="Executing external process" date="2025-12-19T00:59:13.110" type="process" path="git" arguments="config credential.helper &quot;!&apos;/home/site/repository/.git/hooks/git-credential-invalid.sh&apos;&quot;" /><!-- duration: 34ms -->
      </step><!-- duration: 58ms -->
      <step title="Setup post receive hook" date="2025-12-19T00:59:13.150" >
        <step title="Non-Windows enviroment, granting 755 permission to post-receive hook file" date="2025-12-19T00:59:13.183" /><!-- duration: 91ms -->
      </step><!-- duration: 134ms -->
    </step><!-- duration: 590ms -->
    <step title="Executing external process" date="2025-12-19T00:59:13.290" type="process" path="git" arguments="log -n 1 main --" >
      <step title="Process dump" date="2025-12-19T00:59:13.306" exitCode="128" type="processOutput" /><!-- duration: 4ms -->
    </step><!-- duration: 21ms -->
    <step title="Start deployment in the background" date="2025-12-19T00:59:13.315" >
      <step title="Executing external process" date="2025-12-19T00:59:13.326" type="process" path="git" arguments="rev-parse --git-dir" /><!-- duration: 16ms -->
      <step title="Executing external process" date="2025-12-19T00:59:13.346" type="process" path="git" arguments="rev-parse --git-dir" /><!-- duration: 9ms -->
      <step title="Executing external process" date="2025-12-19T00:59:13.359" type="process" path="git" arguments="log -n 1 main --" >
        <step title="Process dump" date="2025-12-19T00:59:13.375" exitCode="128" type="processOutput" /><!-- duration: 5ms -->
      </step><!-- duration: 23ms -->
      <step title="Acquiring Deployment Lock" date="2025-12-19T00:59:13.385" /><!-- duration: 4ms -->
      <step title="Acquired Deployment Lock" date="2025-12-19T00:59:13.423" /><!-- duration: 2ms -->
    </step><!-- duration: 181ms -->
  </step><!-- duration: 868ms -->
  <step title="Outgoing response" date="2025-12-19T00:59:13.506" type="response" statusCode="202" statusText="Accepted" /><!-- duration: 3ms -->
</step><!-- duration: 904ms -->
