﻿<?xml version="1.0" encoding="utf-8"?>
<deployment>
  <id>43a9b11c-db07-4873-9c85-211752df43de</id>
  <author>N/A</author>
  <deployer>Push-Deployer</deployer>
  <authorEmail>N/A</authorEmail>
  <message>Created via a push deployment</message>
  <progress></progress>
  <status>Failed</status>
  <statusText>Deployment has been stopped due to SCM container restart. The restart can happen due to a management operation on site. Do not perform a management operation and a deployment operation in quick succession. Adding a small delay can help avoid any conflicts.</statusText>
  <lastSuccessEndTime />
  <receivedTime>2025-12-17T20:58:55.6338644Z</receivedTime>
  <startTime>2025-12-17T20:58:57.3533193Z</startTime>
  <endTime>2025-12-17T20:59:59.1200938Z</endTime>
  <complete>True</complete>
  <is_temp>False</is_temp>
  <is_readonly>True</is_readonly>
  <buildSummary />
</deployment>