<step title="Incoming Request" date="2025-12-17T17:01:28.857" instance="d57777" url="/api/zipdeploy?isAsync=true" method="POST" type="request" pid="770,1,7" Accept="*/*" Host="aria-dev-api.scm.azurewebsites.net" User-Agent="AZURECLI/2.67.0 (MSI)" Accept-Encoding="gzip, deflate" Authorization="Bea..." Cache-Control="no-cache" Content-Type="application/octet-stream" Content-Length="360632" x-ms-client-request-id="e9e92c78-db69-11f0-bb46-088e904feb3e" x-ms-artifact-checksum="d18a7fa487243ead4a9d642de93511a8b9712f83985299e55296b5a310e79997" X-ARR-LOG-ID="e9e92c78-db69-11f0-bb46-088e904feb3e" CLIENT-IP="52.167.112.163:29381" X-SITE-DEPLOYMENT-ID="aria-dev-api" WAS-DEFAULT-HOSTNAME="aria-dev-api.scm.azurewebsites.net" X-Forwarded-Proto="https" X-AppService-Proto="https" X-Forwarded-TlsVersion="1.3" X-WAWS-Unencoded-URL="/api/zipdeploy?isAsync=true" X-Client-IP="52.167.112.163" X-Client-Port="29381" >
  <step title="ZipPushDeploy" date="2025-12-17T17:01:29.976" >
    <step title="ZipDeploy. Extract zip. Remote build." date="2025-12-17T17:01:29.987" /><!-- duration: 5ms -->
    <step title="None repository commit" date="2025-12-17T17:01:30.000" >
      <step title="Commit id: fa840053-f088-43ac-a260-24c2959b58ae" date="2025-12-17T17:01:30.011" Message="N/A" AuthorName="N/A" AuthorEmail="N/A" /><!-- duration: 8ms -->
    </step><!-- duration: 26ms -->
    <step title="Starting PushDeployAsync" date="2025-12-17T17:01:30.035" /><!-- duration: 11ms -->
    <step title="Writing artifact to /tmp/zipdeploy/bc97909a-2b13-475a-87ec-0dbdd1b01323.zip" date="2025-12-17T17:01:30.085" >
      <step title="Writing multipart request body to /tmp/zipdeploy/bc97909a-2b13-475a-87ec-0dbdd1b01323.zip" date="2025-12-17T17:01:30.102" /><!-- duration: 10ms -->
    </step><!-- duration: 240ms -->
    <step title="Start deployment in the background" date="2025-12-17T17:01:30.346" >
      <step title="Acquiring Deployment Lock" date="2025-12-17T17:01:30.376" /><!-- duration: 18ms -->
      <step title="Acquired Deployment Lock" date="2025-12-17T17:01:30.492" /><!-- duration: 4ms -->
    </step><!-- duration: 232ms -->
  </step><!-- duration: 617ms -->
  <step title="Outgoing response" date="2025-12-17T17:01:30.633" type="response" statusCode="202" statusText="Accepted" /><!-- duration: 4ms -->
</step><!-- duration: 1784ms -->
