<step title="Incoming Request" date="2025-12-19T01:32:33.264" instance="8b490c" url="/api/deployments/latest" method="GET" type="request" pid="768,1,30" Accept="*/*" Host="aria-dev-api.scm.azurewebsites.net" User-Agent="AZURECLI/2.67.0 (MSI)" Accept-Encoding="gzip, deflate" Authorization="Bea..." x-ms-client-request-id="8f022fa9-dc7a-11f0-8469-088e904feb3e" X-ARR-LOG-ID="8f022fa9-dc7a-11f0-8469-088e904feb3e" CLIENT-IP="52.167.112.163:35206" X-SITE-DEPLOYMENT-ID="aria-dev-api" WAS-DEFAULT-HOSTNAME="aria-dev-api.scm.azurewebsites.net" X-Forwarded-Proto="https" X-AppService-Proto="https" X-Forwarded-TlsVersion="1.3" X-WAWS-Unencoded-URL="/api/deployments/latest" X-Client-IP="52.167.112.163" X-Client-Port="35206" >
  <step title="Cleanup Xml Logs" date="2025-12-19T01:32:33.273" >
    <step title="Cleanup Infos" date="2025-12-19T01:32:33.395" totalFiles="473" totalCleanup="313" /><!-- duration: 50ms -->
  </step><!-- duration: 211ms -->
  <step title="DeploymentService.GetResult" date="2025-12-19T01:32:33.517" >
    <step title="DeploymentService.GetLatestDeployment" date="2025-12-19T01:32:33.536" >
      <step title="DeploymentManager.GetResults" date="2025-12-19T01:32:33.565" /><!-- duration: 2756ms -->
    </step><!-- duration: 2817ms -->
  </step><!-- duration: 2873ms -->
  <step title="Outgoing response" date="2025-12-19T01:32:36.412" type="response" statusCode="202" statusText="Accepted" /><!-- duration: 20ms -->
</step><!-- duration: 3189ms -->
