﻿<?xml version="1.0" encoding="utf-8"?>
<deployment>
  <id>86d1cc2990a99090d1505e6fc1d2ca5fe6a8d73d1766620602665</id>
  <author>antonyrugama</author>
  <deployer>GitHub</deployer>
  <authorEmail />
  <message>{"type":"Deployment","sha":"86d1cc2990a99090d1505e6fc1d2ca5fe6a8d73d","repoName":"Tracklit/Aria","actor":"antonyrugama","slotName":"production"}</message>
  <progress />
  <status>Success</status>
  <statusText />
  <lastSuccessEndTime>2025-12-24T23:57:12.6859694Z</lastSuccessEndTime>
  <receivedTime>2025-12-24T23:57:12.6859694Z</receivedTime>
  <startTime>2025-12-24T23:57:12.6859694Z</startTime>
  <endTime>2025-12-24T23:57:12.6859694Z</endTime>
  <complete>True</complete>
  <is_temp>False</is_temp>
  <is_readonly>True</is_readonly>
  <buildSummary />
</deployment>