<step title="Incoming Request" date="2025-12-19T01:04:57.885" instance="8b490c" url="/api/deployments/latest?deployer=GitHub&amp;time=2025-12-19_00-59-13Z" method="GET" type="request" pid="768,1,22" Host="aria-dev-api.scm.azurewebsites.net" User-Agent="Azure-WebSites-Controller/106.0.7.121" Authorization="Bas..." x-ms-request-id="d5c43028-e7c2-4f9f-8fa3-36301303421d" X-ARR-LOG-ID="d5c43028-e7c2-4f9f-8fa3-36301303421d" CLIENT-IP="40.112.243.121:15043" X-SITE-DEPLOYMENT-ID="aria-dev-api" WAS-DEFAULT-HOSTNAME="aria-dev-api.scm.azurewebsites.net" X-MS-PLATFORM-INTERNAL="True" X-Forwarded-Proto="https" X-AppService-Proto="https" X-Forwarded-TlsVersion="1.3" X-WAWS-Unencoded-URL="/api/deployments/latest?deployer=GitHub&amp;time=2025-12-19_00-59-13Z" X-Client-IP="40.112.243.121" X-Client-Port="15043" >
  <step title="Cleanup Xml Logs" date="2025-12-19T01:04:57.905" >
    <step title="Cleanup Infos" date="2025-12-19T01:04:57.934" totalFiles="410" totalCleanup="250" /><!-- duration: 5ms -->
  </step><!-- duration: 37ms -->
  <step title="DeploymentService.GetResult" date="2025-12-19T01:04:57.967" >
    <step title="DeploymentService.GetLatestDeployment" date="2025-12-19T01:04:57.971" >
      <step title="DeploymentManager.GetResults" date="2025-12-19T01:04:57.974" /><!-- duration: 1940ms -->
    </step><!-- duration: 1955ms -->
  </step><!-- duration: 1976ms -->
  <step title="Outgoing response" date="2025-12-19T01:04:59.953" type="response" statusCode="202" statusText="Accepted" /><!-- duration: 11ms -->
</step><!-- duration: 2089ms -->
