<step title="Incoming Request" date="2025-12-19T00:31:43.649" instance="8b490c" url="/api/deployments/latest" method="GET" type="request" pid="769,1,26" Accept="*/*" Host="aria-dev-api.scm.azurewebsites.net" User-Agent="AZURECLI/2.67.0 (MSI)" Accept-Encoding="gzip, deflate" Authorization="Bea..." x-ms-client-request-id="05d806ba-dc72-11f0-af3f-088e904feb3e" X-ARR-LOG-ID="05d806ba-dc72-11f0-af3f-088e904feb3e" CLIENT-IP="52.177.6.190:11792" X-SITE-DEPLOYMENT-ID="aria-dev-api" WAS-DEFAULT-HOSTNAME="aria-dev-api.scm.azurewebsites.net" X-Forwarded-Proto="https" X-AppService-Proto="https" X-Forwarded-TlsVersion="1.3" X-WAWS-Unencoded-URL="/api/deployments/latest" X-Client-IP="52.177.6.190" X-Client-Port="11792" >
  <step title="Cleanup Xml Logs" date="2025-12-19T00:31:43.660" >
    <step title="Cleanup Infos" date="2025-12-19T00:31:43.698" totalFiles="323" totalCleanup="163" /><!-- duration: 52ms -->
  </step><!-- duration: 159ms -->
  <step title="DeploymentService.GetResult" date="2025-12-19T00:31:43.952" >
    <step title="DeploymentService.GetLatestDeployment" date="2025-12-19T00:31:43.972" >
      <step title="DeploymentManager.GetResults" date="2025-12-19T00:31:43.991" /><!-- duration: 1007ms -->
    </step><!-- duration: 1049ms -->
  </step><!-- duration: 1080ms -->
  <step title="Outgoing response" date="2025-12-19T00:31:45.132" type="response" statusCode="202" statusText="Accepted" /><!-- duration: 8ms -->
</step><!-- duration: 1502ms -->
