﻿<?xml version="1.0" encoding="utf-8"?>
<deployment>
  <id>33030edd-fc1a-4386-abc1-1a4242241c23</id>
  <author>N/A</author>
  <deployer>Push-Deployer</deployer>
  <authorEmail>N/A</authorEmail>
  <message>N/A</message>
  <progress></progress>
  <status>Success</status>
  <statusText></statusText>
  <lastSuccessEndTime>2025-12-19T02:21:48.2252775Z</lastSuccessEndTime>
  <receivedTime>2025-12-19T02:18:39.0164098Z</receivedTime>
  <startTime>2025-12-19T02:18:40.450346Z</startTime>
  <endTime>2025-12-19T02:21:48.2252775Z</endTime>
  <complete>True</complete>
  <is_temp>False</is_temp>
  <is_readonly>True</is_readonly>
  <buildSummary />
</deployment>