<step title="Incoming Request" date="2025-12-17T22:16:11.515" instance="8b490c" url="/api/publish?type=zip" method="POST" type="request" pid="768,1,5" Accept="*/*" Host="aria-dev-api.scm.azurewebsites.net" User-Agent="AZURECLI/2.67.0 (MSI)" Accept-Encoding="gzip, deflate" Authorization="Bea..." Cache-Control="no-cache" Content-Type="application/octet-stream" Content-Length="180247" x-ms-client-request-id="e36189dd-db95-11f0-a372-088e904feb3e" x-ms-artifact-checksum="0eb269966252e15bd1f66ee577154393b3b3ea646fa2183878900e66e1da9c94" X-ARR-LOG-ID="e36189dd-db95-11f0-a372-088e904feb3e" CLIENT-IP="52.177.6.190:11904" X-SITE-DEPLOYMENT-ID="aria-dev-api" WAS-DEFAULT-HOSTNAME="aria-dev-api.scm.azurewebsites.net" X-Forwarded-Proto="https" X-AppService-Proto="https" X-Forwarded-TlsVersion="1.3" X-WAWS-Unencoded-URL="/api/publish?type=zip" X-Client-IP="52.177.6.190" X-Client-Port="11904" >
  <step title="OneDeploy" date="2025-12-17T22:16:12.400" >
    <step title="None repository commit" date="2025-12-17T22:16:12.430" >
      <step title="Commit id: eae115c8-e40a-48f5-9ccc-cf86589d1894" date="2025-12-17T22:16:12.441" Message="N/A" AuthorName="N/A" AuthorEmail="N/A" /><!-- duration: 27ms -->
    </step><!-- duration: 49ms -->
    <step title="Starting PushDeployAsync" date="2025-12-17T22:16:12.481" /><!-- duration: 2ms -->
    <step title="Writing artifact to /tmp/zipdeploy/d1003057-6b7f-461c-ac75-b9d534059d35.zip" date="2025-12-17T22:16:12.502" >
      <step title="Writing multipart request body to /tmp/zipdeploy/d1003057-6b7f-461c-ac75-b9d534059d35.zip" date="2025-12-17T22:16:12.509" /><!-- duration: 12ms -->
    </step><!-- duration: 72ms -->
    <step title="Removing previous build artifact&apos;s manifest file" date="2025-12-17T22:16:12.620" >
      <step title="Attempting to fetch target branch HEAD" date="2025-12-17T22:16:12.643" /><!-- duration: 3ms -->
      <step title="Acquiring Deployment Lock" date="2025-12-17T22:16:12.648" /><!-- duration: 3ms -->
      <step title="Acquired Deployment Lock" date="2025-12-17T22:16:12.680" /><!-- duration: 3ms -->
      <step title="Performing fetch based deployment" date="2025-12-17T22:16:12.690" >
        <step title="Creating temporary deployment" date="2025-12-17T22:16:12.693" /><!-- duration: 103ms -->
        <step title="Releasing Deployment Lock" date="2025-12-17T22:16:14.248" /><!-- duration: 7ms -->
        <step title="Cleaning up temp folders from previous zip deployments and extracting pushed zip file /tmp/zipdeploy/d1003057-6b7f-461c-ac75-b9d534059d35.zip (0.17 MB) to /tmp/zipdeploy/extracted" date="2025-12-17T22:16:14.287" >
          <step title="ChmodRecursive Process exited with total time taken in ms: 91" date="2025-12-17T22:16:14.441" /><!-- duration: 28ms -->
        </step><!-- duration: 185ms -->
        <step title="None repository commit" date="2025-12-17T22:16:14.476" >
          <step title="Commit id: eae115c8-e40a-48f5-9ccc-cf86589d1894" date="2025-12-17T22:16:14.481" Message="OneDeploy" AuthorName="N/A" AuthorEmail="N/A" /><!-- duration: 3ms -->
        </step><!-- duration: 11ms -->
        <step title="Deployment timer started" date="2025-12-17T22:16:16.495" >
          <step title="DeploymentManager.Deploy(id:eae115c8-e40a-48f5-9ccc-cf86589d1894)" date="2025-12-17T22:16:16.524" >
            <step title="Collecting changeset information" date="2025-12-17T22:16:16.576" /><!-- duration: 173ms -->
            <step title="Updating submodules" date="2025-12-17T22:16:16.767" /><!-- duration: 1379ms -->
            <step title="Determining deployment builder" date="2025-12-17T22:16:18.570" >
              <step title="Builder is OryxBuilder" date="2025-12-17T22:16:18.600" /><!-- duration: 10ms -->
            </step><!-- duration: 51ms -->
            <step title="PreDeployment: context.CleanOutputPath False" date="2025-12-17T22:16:18.711" >
              <step title="PreDeployment: context.OutputPath /home/site/wwwroot" date="2025-12-17T22:16:19.044" >
                <step title="Building" date="2025-12-17T22:16:19.252" >
                  <step title="Executing external process" date="2025-12-17T22:16:19.784" type="process" path="bash" arguments="-c &quot;oryx build /tmp/zipdeploy/extracted -o /home/site/wwwroot --platform python --platform-version 3.11 -p virtualenv_name=antenv --log-file /tmp/build-debug.log  -i /tmp/8de3db9e6f63943 --compress-destination-dir | tee /tmp/oryx-build.log ; exit $PIPESTATUS &quot;" >
                    <step title="Cpu: python(914,38.790s)+ts(915,0.120s)+build.sh(913,0.000s)+build.sh(912,0.000s)+build.sh(814,0.070s)+oryx(793,6.520s)+tee(794,0.000s)+bash(792,0.000s)=total(45.500s)" date="2025-12-17T22:18:06.696" /><!-- duration: 20ms -->
                    <step title="bash: no io activity for 61s, prev-cpu=-1.000s, current-cpu=45.500s" date="2025-12-17T22:18:06.751" /><!-- duration: 49ms -->
                    <step title="Cpu: python(914,88.060s)+ts(915,0.150s)+build.sh(913,0.000s)+build.sh(912,0.000s)+build.sh(814,0.070s)+oryx(793,6.590s)+tee(794,0.000s)+bash(792,0.000s)=total(94.870s)" date="2025-12-17T22:19:07.092" /><!-- duration: 40ms -->
                    <step title="bash: no io activity for 121s, prev-cpu=45.500s, current-cpu=94.870s" date="2025-12-17T22:19:07.249" /><!-- duration: 148ms -->
                    <step title="Cpu: gzip(1079,49.020s)+sh(1078,0.000s)+tar(1077,1.490s)+build.sh(814,0.090s)+oryx(793,6.850s)+tee(794,0.010s)+bash(792,0.000s)=total(57.440s)" date="2025-12-17T22:21:16.837" /><!-- duration: 5ms -->
                    <step title="bash: no io activity for 61s, prev-cpu=-1.000s, current-cpu=57.440s" date="2025-12-17T22:21:16.855" /><!-- duration: 16ms -->
                    <step title="Cpu: gzip(1079,103.970s)+sh(1078,0.000s)+tar(1077,3.240s)+build.sh(814,0.090s)+oryx(793,6.890s)+tee(794,0.010s)+bash(792,0.000s)=total(114.200s)" date="2025-12-17T22:22:17.051" /><!-- duration: 23ms -->
                    <step title="bash: no io activity for 121s, prev-cpu=57.440s, current-cpu=114.200s" date="2025-12-17T22:22:17.163" /><!-- duration: 21ms -->
                  </step><!-- duration: 390147ms -->
                  <step title="Using PythonDeploymentLogParser" date="2025-12-17T22:22:50.759" /><!-- duration: 4ms -->
                  <step title="Modified file to trigger a restart of the app container." date="2025-12-17T22:22:52.731" /><!-- duration: 3ms -->
                  <step title="Skip function trigger and logicapp sync because function is not enabled." date="2025-12-17T22:22:52.743" /><!-- duration: 6ms -->
                </step><!-- duration: 394613ms -->
              </step><!-- duration: 394826ms -->
              <step title="Cleaning up temp files" date="2025-12-17T22:22:53.874" /><!-- duration: 2401ms -->
              <step title="Cleaning up temp files" date="2025-12-17T22:22:56.280" /><!-- duration: 505ms -->
              <step title="Reloading status file with latest updates" date="2025-12-17T22:22:56.848" >
                <step title="WebHooksManager.PublishEventAsync: PostDeployment" date="2025-12-17T22:22:56.853" /><!-- duration: 82ms -->
              </step><!-- duration: 91ms -->
              <step title="Cleaning up temporary deployment - fetch deployment was successful" date="2025-12-17T22:22:56.946" /><!-- duration: 2ms -->
            </step><!-- duration: 398281ms -->
          </step><!-- duration: 400473ms -->
          <step title="Outgoing response" date="2025-12-17T22:22:57.004" type="response" statusCode="200" statusText="OK" /><!-- duration: 3ms -->
        </step><!-- duration: 400515ms -->
