﻿<?xml version="1.0" encoding="utf-8"?>
<deployment>
  <id>b828a94d-d410-401d-a256-549a75ab25c0</id>
  <author>N/A</author>
  <deployer>OneDeploy</deployer>
  <authorEmail>N/A</authorEmail>
  <message>N/A</message>
  <progress></progress>
  <status>Success</status>
  <statusText></statusText>
  <lastSuccessEndTime>2025-12-19T22:56:42.4858375Z</lastSuccessEndTime>
  <receivedTime>2025-12-19T22:49:50.6564878Z</receivedTime>
  <startTime>2025-12-19T22:49:52.1849362Z</startTime>
  <endTime>2025-12-19T22:56:42.4858375Z</endTime>
  <complete>True</complete>
  <is_temp>False</is_temp>
  <is_readonly>True</is_readonly>
  <buildSummary />
</deployment>