<step title="Incoming Request" date="2025-12-19T01:17:52.153" instance="8b490c" url="/api/deployments/latest" method="GET" type="request" pid="768,1,20" Accept="*/*" Host="aria-dev-api.scm.azurewebsites.net" User-Agent="AZURECLI/2.67.0 (MSI)" Accept-Encoding="gzip, deflate" Authorization="Bea..." x-ms-client-request-id="811a1cd0-dc78-11f0-9123-088e904feb3e" X-ARR-LOG-ID="811a1cd0-dc78-11f0-9123-088e904feb3e" CLIENT-IP="52.167.112.163:49414" X-SITE-DEPLOYMENT-ID="aria-dev-api" WAS-DEFAULT-HOSTNAME="aria-dev-api.scm.azurewebsites.net" X-Forwarded-Proto="https" X-AppService-Proto="https" X-Forwarded-TlsVersion="1.3" X-WAWS-Unencoded-URL="/api/deployments/latest" X-Client-IP="52.167.112.163" X-Client-Port="49414" >
  <step title="Cleanup Xml Logs" date="2025-12-19T01:17:52.182" >
    <step title="Cleanup Infos" date="2025-12-19T01:17:52.222" totalFiles="448" totalCleanup="288" /><!-- duration: 6ms -->
  </step><!-- duration: 49ms -->
  <step title="DeploymentService.GetResult" date="2025-12-19T01:17:52.240" >
    <step title="DeploymentService.GetLatestDeployment" date="2025-12-19T01:17:52.243" >
      <step title="DeploymentManager.GetResults" date="2025-12-19T01:17:52.247" /><!-- duration: 789ms -->
    </step><!-- duration: 801ms -->
  </step><!-- duration: 809ms -->
  <step title="Outgoing response" date="2025-12-19T01:17:53.055" type="response" statusCode="202" statusText="Accepted" /><!-- duration: 5ms -->
</step><!-- duration: 914ms -->
