<step title="BackgroundTrace" date="2025-12-17T18:30:12.344" instance="d57777" url="/api/zipdeploy" method="POST" >
  <step title="Creating temporary deployment - FetchDeploymentManager" date="2025-12-17T18:30:12.461" /><!-- duration: 4ms -->
  <step title="Creating temporary deployment" date="2025-12-17T18:30:12.473" /><!-- duration: 68ms -->
  <step title="Performing fetch based deployment" date="2025-12-17T18:30:12.601" >
    <step title="Cleaning up temp folders from previous zip deployments and extracting pushed zip file /tmp/zipdeploy/7b226d13-6827-430a-a587-31207db9dca9.zip (0.15 MB) to /tmp/zipdeploy/extracted" date="2025-12-17T18:30:13.836" >
      <step title="ChmodRecursive Process exited with total time taken in ms: 94" date="2025-12-17T18:30:14.034" /><!-- duration: 18ms -->
    </step><!-- duration: 244ms -->
    <step title="Deployment timer started" date="2025-12-17T18:30:16.117" >
      <step title="DeploymentManager.Deploy(id:45616dc1-2eef-4767-98ac-64c1b89271e6)" date="2025-12-17T18:30:16.122" >
        <step title="Collecting changeset information" date="2025-12-17T18:30:16.177" /><!-- duration: 111ms -->
        <step title="Updating submodules" date="2025-12-17T18:30:16.297" /><!-- duration: 1202ms -->
        <step title="Determining deployment builder" date="2025-12-17T18:30:17.795" >
          <step title="Builder is OryxBuilder" date="2025-12-17T18:30:17.832" /><!-- duration: 11ms -->
        </step><!-- duration: 67ms -->
        <step title="PreDeployment: context.CleanOutputPath False" date="2025-12-17T18:30:17.948" >
          <step title="PreDeployment: context.OutputPath /home/site/wwwroot" date="2025-12-17T18:30:18.119" >
            <step title="Building" date="2025-12-17T18:30:18.362" >
              <step title="Executing external process" date="2025-12-17T18:30:18.868" type="process" path="bash" arguments="-c &quot;oryx build /tmp/zipdeploy/extracted -o /home/site/wwwroot --platform python --platform-version 3.11 -p virtualenv_name=antenv --log-file /tmp/build-debug.log  -i /tmp/8de3d9a541fc0d8 --compress-destination-dir | tee /tmp/oryx-build.log ; exit $PIPESTATUS &quot;" >
                <step title="Cpu: python(2428,41.770s)+ts(2429,0.190s)+build.sh(2427,0.000s)+build.sh(2426,0.000s)+build.sh(2340,0.030s)+oryx(2321,4.380s)+tee(2322,0.010s)+bash(2320,0.000s)=total(46.380s)" date="2025-12-17T18:31:48.499" /><!-- duration: 19ms -->
                <step title="bash: no io activity for 60s, prev-cpu=-1.000s, current-cpu=46.380s" date="2025-12-17T18:31:48.567" /><!-- duration: 42ms -->
              </step><!-- duration: 162316ms -->
              <step title="Using PythonDeploymentLogParser" date="2025-12-17T18:33:01.990" /><!-- duration: 6ms -->
              <step title="Triggering recycle (preview mode disabled)." date="2025-12-17T18:33:04.264" /><!-- duration: 48ms -->
              <step title="Modified file to trigger a restart of the app container." date="2025-12-17T18:33:04.402" /><!-- duration: 11ms -->
              <step title="Skip function trigger and logicapp sync because function is not enabled." date="2025-12-17T18:33:04.426" /><!-- duration: 27ms -->
              <step title="Purge deployment items" date="2025-12-17T18:33:05.351" >
                <step title="Remove 4d3acae3-, Failed, received at 12/17/2025 18:28:12" date="2025-12-17T18:33:05.430" /><!-- duration: 4ms -->
              </step><!-- duration: 88ms -->
            </step><!-- duration: 167176ms -->
          </step><!-- duration: 167423ms -->
          <step title="Cleaning up temp files" date="2025-12-17T18:33:05.545" /><!-- duration: 1035ms -->
          <step title="Cleaning up temp files" date="2025-12-17T18:33:06.585" /><!-- duration: 516ms -->
          <step title="Reloading status file with latest updates" date="2025-12-17T18:33:07.143" >
            <step title="WebHooksManager.PublishEventAsync: PostDeployment" date="2025-12-17T18:33:07.146" /><!-- duration: 36ms -->
          </step><!-- duration: 42ms -->
          <step title="Cleaning up temporary deployment - fetch deployment was successful" date="2025-12-17T18:33:07.191" /><!-- duration: 4ms -->
        </step><!-- duration: 169304ms -->
      </step><!-- duration: 171154ms -->
