<step title="Incoming Request" date="2025-12-17T17:40:05.727" instance="d57777" url="/api/publish?type=zip" method="POST" type="request" pid="772,1,21" Accept="*/*" Host="aria-dev-api.scm.azurewebsites.net" User-Agent="AZURECLI/2.67.0 (MSI)" Accept-Encoding="gzip, deflate" Authorization="Bea..." Cache-Control="no-cache" Content-Type="application/octet-stream" Content-Length="35372" x-ms-client-request-id="6745e067-db6f-11f0-9c69-088e904feb3e" x-ms-artifact-checksum="e98fc9fa5614158dc8326d6820301e71f57c3eaa4453529830a3f96086a5bfea" X-ARR-LOG-ID="6745e067-db6f-11f0-9c69-088e904feb3e" CLIENT-IP="52.167.112.163:1153" X-SITE-DEPLOYMENT-ID="aria-dev-api" WAS-DEFAULT-HOSTNAME="aria-dev-api.scm.azurewebsites.net" X-Forwarded-Proto="https" X-AppService-Proto="https" X-Forwarded-TlsVersion="1.3" X-WAWS-Unencoded-URL="/api/publish?type=zip" X-Client-IP="52.167.112.163" X-Client-Port="1153" >
  <step title="OneDeploy" date="2025-12-17T17:40:07.153" >
    <step title="None repository commit" date="2025-12-17T17:40:07.175" >
      <step title="Commit id: 646e946a-5368-4849-909b-08161781ab8f" date="2025-12-17T17:40:07.181" Message="N/A" AuthorName="N/A" AuthorEmail="N/A" /><!-- duration: 4ms -->
    </step><!-- duration: 17ms -->
    <step title="Starting PushDeployAsync" date="2025-12-17T17:40:07.198" /><!-- duration: 4ms -->
    <step title="Writing artifact to /tmp/zipdeploy/ca24f7f1-bb9b-4f8d-8d02-d10529103721.zip" date="2025-12-17T17:40:07.226" >
      <step title="Writing multipart request body to /tmp/zipdeploy/ca24f7f1-bb9b-4f8d-8d02-d10529103721.zip" date="2025-12-17T17:40:07.239" /><!-- duration: 8ms -->
    </step><!-- duration: 137ms -->
    <step title="Attempting to fetch target branch HEAD" date="2025-12-17T17:40:07.382" /><!-- duration: 4ms -->
    <step title="Acquiring Deployment Lock" date="2025-12-17T17:40:07.397" /><!-- duration: 19ms -->
    <step title="Acquired Deployment Lock" date="2025-12-17T17:40:07.508" /><!-- duration: 5ms -->
    <step title="Performing fetch based deployment" date="2025-12-17T17:40:07.527" >
      <step title="Creating temporary deployment" date="2025-12-17T17:40:07.545" /><!-- duration: 83ms -->
      <step title="Releasing Deployment Lock" date="2025-12-17T17:40:08.824" /><!-- duration: 9ms -->
      <step title="Cleaning up temp folders from previous zip deployments and extracting pushed zip file /tmp/zipdeploy/ca24f7f1-bb9b-4f8d-8d02-d10529103721.zip (0.03 MB) to /tmp/zipdeploy/extracted" date="2025-12-17T17:40:08.896" >
        <step title="ChmodRecursive Process exited with total time taken in ms: 111" date="2025-12-17T17:40:09.067" /><!-- duration: 20ms -->
      </step><!-- duration: 219ms -->
      <step title="None repository commit" date="2025-12-17T17:40:09.133" >
        <step title="Commit id: 646e946a-5368-4849-909b-08161781ab8f" date="2025-12-17T17:40:09.143" Message="OneDeploy" AuthorName="N/A" AuthorEmail="N/A" /><!-- duration: 5ms -->
      </step><!-- duration: 24ms -->
      <step title="Deployment timer started" date="2025-12-17T17:40:11.178" >
        <step title="DeploymentManager.Deploy(id:646e946a-5368-4849-909b-08161781ab8f)" date="2025-12-17T17:40:11.189" >
          <step title="Collecting changeset information" date="2025-12-17T17:40:11.216" /><!-- duration: 116ms -->
          <step title="Updating submodules" date="2025-12-17T17:40:11.343" /><!-- duration: 1269ms -->
          <step title="Determining deployment builder" date="2025-12-17T17:40:12.991" >
            <step title="Builder is OryxBuilder" date="2025-12-17T17:40:13.016" /><!-- duration: 4ms -->
          </step><!-- duration: 38ms -->
          <step title="PreDeployment: context.CleanOutputPath False" date="2025-12-17T17:40:13.106" >
            <step title="PreDeployment: context.OutputPath /home/site/wwwroot" date="2025-12-17T17:40:13.244" >
              <step title="Building" date="2025-12-17T17:40:13.404" >
                <step title="Executing external process" date="2025-12-17T17:40:13.816" type="process" path="bash" arguments="-c &quot;oryx build /tmp/zipdeploy/extracted -o /home/site/wwwroot --platform python --platform-version 3.11 -p virtualenv_name=antenv --log-file /tmp/build-debug.log  -i /tmp/8de3d9355197ce9 --compress-destination-dir | tee /tmp/oryx-build.log ; exit $PIPESTATUS &quot;" /><!-- duration: 61911ms -->
                <step title="Using PythonDeploymentLogParser" date="2025-12-17T17:41:16.430" /><!-- duration: 14ms -->
                <step title="Modified file to trigger a restart of the app container." date="2025-12-17T17:41:18.372" /><!-- duration: 5ms -->
                <step title="Skip function trigger and logicapp sync because function is not enabled." date="2025-12-17T17:41:18.396" /><!-- duration: 10ms -->
                <step title="Purge deployment items" date="2025-12-17T17:41:19.517" >
                  <step title="Remove bdeab947-, Failed, received at 12/17/2025 17:30:37" date="2025-12-17T17:41:19.593" /><!-- duration: 3ms -->
                  <step title="Remove temp-fec3, Failed, received at 12/17/2025 17:30:32" date="2025-12-17T17:41:19.687" /><!-- duration: 27ms -->
                  <step title="Remove fa840053-, Failed, received at 12/17/2025 17:01:34" date="2025-12-17T17:41:19.818" /><!-- duration: 3ms -->
                </step><!-- duration: 317ms -->
              </step><!-- duration: 66511ms -->
            </step><!-- duration: 66683ms -->
            <step title="Cleaning up temp files" date="2025-12-17T17:41:19.958" /><!-- duration: 228ms -->
            <step title="Cleaning up temp files" date="2025-12-17T17:41:20.198" /><!-- duration: 524ms -->
            <step title="Reloading status file with latest updates" date="2025-12-17T17:41:20.761" >
              <step title="WebHooksManager.PublishEventAsync: PostDeployment" date="2025-12-17T17:41:20.770" /><!-- duration: 131ms -->
            </step><!-- duration: 149ms -->
            <step title="Cleaning up temporary deployment - fetch deployment was successful" date="2025-12-17T17:41:20.922" /><!-- duration: 5ms -->
          </step><!-- duration: 67903ms -->
        </step><!-- duration: 69846ms -->
        <step title="Outgoing response" date="2025-12-17T17:41:21.072" type="response" statusCode="200" statusText="OK" /><!-- duration: 5ms -->
      </step><!-- duration: 69907ms -->
