<step title="Incoming Request" date="2025-12-19T01:17:45.262" instance="8b490c" url="/api/zipdeploy?isAsync=true" method="POST" type="request" pid="768,1,27" Accept="*/*" Host="aria-dev-api.scm.azurewebsites.net" User-Agent="AZURECLI/2.67.0 (MSI)" Accept-Encoding="gzip, deflate" Authorization="Bea..." Cache-Control="no-cache" Content-Type="application/octet-stream" Content-Length="181014" x-ms-client-request-id="811a1cd0-dc78-11f0-9123-088e904feb3e" x-ms-artifact-checksum="4ae5fd691f25bf359a56140686330662b40cc41410fef36c2805009c541e929f" X-ARR-LOG-ID="811a1cd0-dc78-11f0-9123-088e904feb3e" CLIENT-IP="52.177.6.198:46593" X-SITE-DEPLOYMENT-ID="aria-dev-api" WAS-DEFAULT-HOSTNAME="aria-dev-api.scm.azurewebsites.net" X-Forwarded-Proto="https" X-AppService-Proto="https" X-Forwarded-TlsVersion="1.3" X-WAWS-Unencoded-URL="/api/zipdeploy?isAsync=true" X-Client-IP="52.177.6.198" X-Client-Port="46593" >
  <step title="Cleanup Xml Logs" date="2025-12-19T01:17:45.272" >
    <step title="Cleanup Infos" date="2025-12-19T01:17:45.298" totalFiles="446" totalCleanup="286" /><!-- duration: 5ms -->
  </step><!-- duration: 37ms -->
  <step title="ZipPushDeploy" date="2025-12-19T01:17:45.318" >
    <step title="ZipDeploy. Extract zip. Remote build." date="2025-12-19T01:17:45.324" /><!-- duration: 10ms -->
    <step title="None repository commit" date="2025-12-19T01:17:45.337" >
      <step title="Commit id: 584fbd58-f408-4848-a2ed-6a65a3548639" date="2025-12-19T01:17:45.343" Message="N/A" AuthorName="N/A" AuthorEmail="N/A" /><!-- duration: 3ms -->
    </step><!-- duration: 12ms -->
    <step title="Starting PushDeployAsync" date="2025-12-19T01:17:45.353" /><!-- duration: 3ms -->
    <step title="Writing artifact to /tmp/zipdeploy/29d28a14-86cb-40e8-8c45-0ee662fed746.zip" date="2025-12-19T01:17:45.362" >
      <step title="Writing multipart request body to /tmp/zipdeploy/29d28a14-86cb-40e8-8c45-0ee662fed746.zip" date="2025-12-19T01:17:45.364" /><!-- duration: 2ms -->
    </step><!-- duration: 58ms -->
    <step title="Removing previous build artifact&apos;s manifest file" date="2025-12-19T01:17:45.448" >
      <step title="None repository commit" date="2025-12-19T01:17:45.489" >
        <step title="Commit id: 584fbd58-f408-4848-a2ed-6a65a3548639" date="2025-12-19T01:17:45.532" Message="N/A" AuthorName="N/A" AuthorEmail="N/A" /><!-- duration: 5ms -->
      </step><!-- duration: 51ms -->
      <step title="Start deployment in the background" date="2025-12-19T01:17:45.545" >
        <step title="None repository commit" date="2025-12-19T01:17:45.565" >
          <step title="Commit id: 584fbd58-f408-4848-a2ed-6a65a3548639" date="2025-12-19T01:17:45.576" Message="N/A" AuthorName="N/A" AuthorEmail="N/A" /><!-- duration: 7ms -->
        </step><!-- duration: 21ms -->
        <step title="Acquiring Deployment Lock" date="2025-12-19T01:17:45.589" /><!-- duration: 2ms -->
        <step title="Acquired Deployment Lock" date="2025-12-19T01:17:45.636" /><!-- duration: 11ms -->
      </step><!-- duration: 230ms -->
    </step><!-- duration: 348ms -->
    <step title="Outgoing response" date="2025-12-19T01:17:45.807" type="response" statusCode="202" statusText="Accepted" /><!-- duration: 10ms -->
  </step><!-- duration: 517ms -->
