﻿<?xml version="1.0" encoding="utf-8"?>
<deployment>
  <id>df9ea1c4-e9a8-4f4a-9e32-d3dcb7ff926d</id>
  <author>N/A</author>
  <deployer>OneDeploy</deployer>
  <authorEmail>N/A</authorEmail>
  <message>N/A</message>
  <progress></progress>
  <status>Success</status>
  <statusText></statusText>
  <lastSuccessEndTime>2025-12-20T23:00:23.7904577Z</lastSuccessEndTime>
  <receivedTime>2025-12-20T22:56:45.2190494Z</receivedTime>
  <startTime>2025-12-20T22:56:46.601019Z</startTime>
  <endTime>2025-12-20T23:00:23.7904577Z</endTime>
  <complete>True</complete>
  <is_temp>False</is_temp>
  <is_readonly>True</is_readonly>
  <buildSummary />
</deployment>