﻿<?xml version="1.0" encoding="utf-8"?>
<deployment>
  <id>69a18c0f-9490-4fe0-9674-406d8da011b0</id>
  <author>N/A</author>
  <deployer>Push-Deployer</deployer>
  <authorEmail>N/A</authorEmail>
  <message>N/A</message>
  <progress></progress>
  <status>Success</status>
  <statusText></statusText>
  <lastSuccessEndTime>2025-12-19T20:24:54.7599456Z</lastSuccessEndTime>
  <receivedTime>2025-12-19T20:13:43.1072895Z</receivedTime>
  <startTime>2025-12-19T20:13:44.6619219Z</startTime>
  <endTime>2025-12-19T20:24:54.7599456Z</endTime>
  <complete>True</complete>
  <is_temp>False</is_temp>
  <is_readonly>True</is_readonly>
  <buildSummary />
</deployment>