﻿<?xml version="1.0" encoding="utf-8"?>
<deployment>
  <id>20d090d5-04f5-459f-b55f-821ae362a6ed</id>
  <author>N/A</author>
  <deployer>OneDeploy</deployer>
  <authorEmail>N/A</authorEmail>
  <message>OneDeploy</message>
  <progress></progress>
  <status>Success</status>
  <statusText></statusText>
  <lastSuccessEndTime>2025-12-18T14:24:31.9128408Z</lastSuccessEndTime>
  <receivedTime>2025-12-18T14:19:13.9967214Z</receivedTime>
  <startTime>2025-12-18T14:19:15.4687876Z</startTime>
  <endTime>2025-12-18T14:24:31.9128408Z</endTime>
  <complete>True</complete>
  <is_temp>False</is_temp>
  <is_readonly>True</is_readonly>
  <buildSummary />
</deployment>