﻿<?xml version="1.0" encoding="utf-8"?>
<deployment>
  <id>8ed16953-46b4-4609-8775-e0ce3dfddc35</id>
  <author>N/A</author>
  <deployer>OneDeploy</deployer>
  <authorEmail>N/A</authorEmail>
  <message>OneDeploy</message>
  <progress></progress>
  <status>Success</status>
  <statusText></statusText>
  <lastSuccessEndTime>2025-12-17T23:04:01.43432Z</lastSuccessEndTime>
  <receivedTime>2025-12-17T22:58:30.5917389Z</receivedTime>
  <startTime>2025-12-17T22:58:32.2194509Z</startTime>
  <endTime>2025-12-17T23:04:01.43432Z</endTime>
  <complete>True</complete>
  <is_temp>False</is_temp>
  <is_readonly>True</is_readonly>
  <buildSummary />
</deployment>