﻿<?xml version="1.0" encoding="utf-8"?>
<deployment>
  <id>7b251b14-e12d-457f-ae37-389cc1885b10</id>
  <author>N/A</author>
  <deployer>Push-Deployer</deployer>
  <authorEmail>N/A</authorEmail>
  <message>Created via a push deployment</message>
  <progress></progress>
  <status>Success</status>
  <statusText></statusText>
  <lastSuccessEndTime>2025-12-17T21:17:40.8336675Z</lastSuccessEndTime>
  <receivedTime>2025-12-17T21:04:55.3856418Z</receivedTime>
  <startTime>2025-12-17T21:04:56.9486692Z</startTime>
  <endTime>2025-12-17T21:17:40.8336675Z</endTime>
  <complete>True</complete>
  <is_temp>False</is_temp>
  <is_readonly>True</is_readonly>
  <buildSummary />
</deployment>