﻿<?xml version="1.0" encoding="utf-8"?>
<deployment>
  <id>21975498-0354-4d19-a586-1ad5292c3549</id>
  <author>N/A</author>
  <deployer>Push-Deployer</deployer>
  <authorEmail>N/A</authorEmail>
  <message>N/A</message>
  <progress></progress>
  <status>Success</status>
  <statusText></statusText>
  <lastSuccessEndTime>2025-12-19T02:11:47.1221191Z</lastSuccessEndTime>
  <receivedTime>2025-12-19T02:06:48.6711313Z</receivedTime>
  <startTime>2025-12-19T02:06:50.2429428Z</startTime>
  <endTime>2025-12-19T02:11:47.1221191Z</endTime>
  <complete>True</complete>
  <is_temp>False</is_temp>
  <is_readonly>True</is_readonly>
  <buildSummary />
</deployment>