﻿<?xml version="1.0" encoding="utf-8"?>
<deployment>
  <id>f91fca1c-bcec-431d-ae83-84e9d04b89ae</id>
  <author>N/A</author>
  <deployer>OneDeploy</deployer>
  <authorEmail>N/A</authorEmail>
  <message>N/A</message>
  <progress></progress>
  <status>Success</status>
  <statusText></statusText>
  <lastSuccessEndTime>2025-12-19T23:12:58.3184883Z</lastSuccessEndTime>
  <receivedTime>2025-12-19T23:06:21.3292436Z</receivedTime>
  <startTime>2025-12-19T23:06:22.6390055Z</startTime>
  <endTime>2025-12-19T23:12:58.3184883Z</endTime>
  <complete>True</complete>
  <is_temp>False</is_temp>
  <is_readonly>True</is_readonly>
  <buildSummary />
</deployment>