<step title="Incoming Request" date="2025-12-17T22:35:42.257" instance="8b490c" url="/api/publish?type=zip&amp;async=True" method="POST" type="request" pid="768,1,5" Accept="*/*" Host="aria-dev-api.scm.azurewebsites.net" User-Agent="AZURECLI/2.67.0 (MSI)" Accept-Encoding="gzip, deflate" Authorization="Bea..." Cache-Control="no-cache" Content-Type="application/octet-stream" Content-Length="179787" x-ms-client-request-id="b339a786-db98-11f0-89a6-088e904feb3e" x-ms-artifact-checksum="c451508aca8aaa30529bc8a3460d85bb74acfd35ebd04bfcc71378774ab6f9cc" X-ARR-LOG-ID="b339a786-db98-11f0-89a6-088e904feb3e" CLIENT-IP="52.177.6.198:17417" X-SITE-DEPLOYMENT-ID="aria-dev-api" WAS-DEFAULT-HOSTNAME="aria-dev-api.scm.azurewebsites.net" X-Forwarded-Proto="https" X-AppService-Proto="https" X-Forwarded-TlsVersion="1.3" X-WAWS-Unencoded-URL="/api/publish?type=zip&amp;async=True" X-Client-IP="52.177.6.198" X-Client-Port="17417" >
  <step title="Cleanup Xml Logs" date="2025-12-17T22:35:42.260" /><!-- duration: 9ms -->
  <step title="OneDeploy" date="2025-12-17T22:35:42.327" >
    <step title="Starting PushDeployAsync" date="2025-12-17T22:35:42.336" /><!-- duration: 4ms -->
    <step title="Writing artifact to /tmp/zipdeploy/b57f056b-31f8-43b1-a7a8-d0b711a18fcd.zip" date="2025-12-17T22:35:42.348" >
      <step title="Writing multipart request body to /tmp/zipdeploy/b57f056b-31f8-43b1-a7a8-d0b711a18fcd.zip" date="2025-12-17T22:35:42.350" /><!-- duration: 2ms -->
    </step><!-- duration: 17ms -->
    <step title="Removing previous build artifact&apos;s manifest file" date="2025-12-17T22:35:42.370" >
      <step title="Start deployment in the background" date="2025-12-17T22:35:42.377" >
        <step title="Acquiring Deployment Lock" date="2025-12-17T22:35:42.383" /><!-- duration: 3ms -->
        <step title="Acquired Deployment Lock" date="2025-12-17T22:35:42.436" /><!-- duration: 3ms -->
      </step><!-- duration: 199ms -->
    </step><!-- duration: 224ms -->
    <step title="Outgoing response" date="2025-12-17T22:35:42.597" type="response" statusCode="202" statusText="Accepted" /><!-- duration: 3ms -->
  </step><!-- duration: 275ms -->
