﻿<?xml version="1.0" encoding="utf-8"?>
<deployment>
  <id>4034f132-0c40-47d7-ba47-aa9c6787f11b</id>
  <author>N/A</author>
  <deployer>Push-Deployer</deployer>
  <authorEmail>N/A</authorEmail>
  <message>N/A</message>
  <progress></progress>
  <status>Success</status>
  <statusText></statusText>
  <lastSuccessEndTime>2025-12-19T15:42:11.368708Z</lastSuccessEndTime>
  <receivedTime>2025-12-19T15:34:05.1780904Z</receivedTime>
  <startTime>2025-12-19T15:34:08.8487337Z</startTime>
  <endTime>2025-12-19T15:42:11.368708Z</endTime>
  <complete>True</complete>
  <is_temp>False</is_temp>
  <is_readonly>True</is_readonly>
  <buildSummary />
</deployment>