﻿<?xml version="1.0" encoding="utf-8"?>
<deployment>
  <id>3c653210-357c-46dd-b779-def9b012f41c</id>
  <author>N/A</author>
  <deployer>Push-Deployer</deployer>
  <authorEmail>N/A</authorEmail>
  <message>N/A</message>
  <progress></progress>
  <status>Success</status>
  <statusText></statusText>
  <lastSuccessEndTime>2025-12-19T01:50:45.2194846Z</lastSuccessEndTime>
  <receivedTime>2025-12-19T01:45:38.8305295Z</receivedTime>
  <startTime>2025-12-19T01:45:40.1889915Z</startTime>
  <endTime>2025-12-19T01:50:45.2194846Z</endTime>
  <complete>True</complete>
  <is_temp>False</is_temp>
  <is_readonly>True</is_readonly>
  <buildSummary />
</deployment>