﻿<?xml version="1.0" encoding="utf-8"?>
<deployment>
  <id>80d92ea3-5d73-44b1-b31e-e3639d48cb2f</id>
  <author>N/A</author>
  <deployer>Push-Deployer</deployer>
  <authorEmail>N/A</authorEmail>
  <message>Created via a push deployment</message>
  <progress></progress>
  <status>Success</status>
  <statusText></statusText>
  <lastSuccessEndTime>2025-12-22T22:35:17.19482Z</lastSuccessEndTime>
  <receivedTime>2025-12-22T22:31:31.6265224Z</receivedTime>
  <startTime>2025-12-22T22:31:32.9566289Z</startTime>
  <endTime>2025-12-22T22:35:17.19482Z</endTime>
  <complete>True</complete>
  <is_temp>False</is_temp>
  <is_readonly>True</is_readonly>
  <buildSummary />
</deployment>