<step title="Incoming Request" date="2025-12-17T18:30:12.109" instance="d57777" url="/api/zipdeploy?isAsync=true" method="POST" type="request" pid="772,1,35" Accept="*/*" Host="aria-dev-api.scm.azurewebsites.net" User-Agent="AZURECLI/2.67.0 (MSI)" Accept-Encoding="gzip, deflate" Authorization="Bea..." Cache-Control="no-cache" Content-Type="application/octet-stream" Content-Length="155879" x-ms-client-request-id="675e186f-db76-11f0-9aa9-088e904feb3e" x-ms-artifact-checksum="037f7dbefe523903590b1621ef4a20bfaf5e65a66d3cfbd9866c9d78271e8844" X-ARR-LOG-ID="675e186f-db76-11f0-9aa9-088e904feb3e" CLIENT-IP="52.167.112.163:18632" X-SITE-DEPLOYMENT-ID="aria-dev-api" WAS-DEFAULT-HOSTNAME="aria-dev-api.scm.azurewebsites.net" X-Forwarded-Proto="https" X-AppService-Proto="https" X-Forwarded-TlsVersion="1.3" X-WAWS-Unencoded-URL="/api/zipdeploy?isAsync=true" X-Client-IP="52.167.112.163" X-Client-Port="18632" >
  <step title="Cleanup Xml Logs" date="2025-12-17T18:30:12.116" /><!-- duration: 18ms -->
  <step title="ZipPushDeploy" date="2025-12-17T18:30:12.165" >
    <step title="ZipDeploy. Extract zip. Remote build." date="2025-12-17T18:30:12.187" /><!-- duration: 5ms -->
    <step title="Starting PushDeployAsync" date="2025-12-17T18:30:12.207" /><!-- duration: 6ms -->
    <step title="Writing artifact to /tmp/zipdeploy/7b226d13-6827-430a-a587-31207db9dca9.zip" date="2025-12-17T18:30:12.233" >
      <step title="Writing multipart request body to /tmp/zipdeploy/7b226d13-6827-430a-a587-31207db9dca9.zip" date="2025-12-17T18:30:12.243" /><!-- duration: 14ms -->
    </step><!-- duration: 55ms -->
    <step title="Start deployment in the background" date="2025-12-17T18:30:12.327" >
      <step title="Acquiring Deployment Lock" date="2025-12-17T18:30:12.362" /><!-- duration: 9ms -->
      <step title="Acquired Deployment Lock" date="2025-12-17T18:30:12.448" /><!-- duration: 5ms -->
    </step><!-- duration: 218ms -->
  </step><!-- duration: 387ms -->
  <step title="Outgoing response" date="2025-12-17T18:30:12.565" type="response" statusCode="202" statusText="Accepted" /><!-- duration: 5ms -->
</step><!-- duration: 472ms -->
