﻿<?xml version="1.0" encoding="utf-8"?>
<deployment>
  <id>6ddd9c06-6442-4a06-be2a-1e52629f27ff</id>
  <author>N/A</author>
  <deployer>OneDeploy</deployer>
  <authorEmail>N/A</authorEmail>
  <message>N/A</message>
  <progress></progress>
  <status>Success</status>
  <statusText></statusText>
  <lastSuccessEndTime>2025-12-20T23:19:33.075285Z</lastSuccessEndTime>
  <receivedTime>2025-12-20T23:16:15.2431857Z</receivedTime>
  <startTime>2025-12-20T23:16:16.5748264Z</startTime>
  <endTime>2025-12-20T23:19:33.075285Z</endTime>
  <complete>True</complete>
  <is_temp>False</is_temp>
  <is_readonly>True</is_readonly>
  <buildSummary />
</deployment>