﻿<?xml version="1.0" encoding="utf-8"?>
<deployment>
  <id>a00691c1-e80a-465b-961c-7b40f310ccdc</id>
  <author>N/A</author>
  <deployer>Push-Deployer</deployer>
  <authorEmail>N/A</authorEmail>
  <message>N/A</message>
  <progress></progress>
  <status>Success</status>
  <statusText></statusText>
  <lastSuccessEndTime>2025-12-24T21:14:02.6778913Z</lastSuccessEndTime>
  <receivedTime>2025-12-24T21:07:19.5396809Z</receivedTime>
  <startTime>2025-12-24T21:07:21.8354603Z</startTime>
  <endTime>2025-12-24T21:14:02.6778913Z</endTime>
  <complete>True</complete>
  <is_temp>False</is_temp>
  <is_readonly>True</is_readonly>
  <buildSummary />
</deployment>