<step title="BackgroundTrace" date="2025-12-19T01:32:27.251" instance="8b490c" url="/api/zipdeploy" method="POST" >
  <step title="Creating temporary deployment - FetchDeploymentManager" date="2025-12-19T01:32:27.403" /><!-- duration: 10ms -->
  <step title="Creating temporary deployment" date="2025-12-19T01:32:27.444" /><!-- duration: 140ms -->
  <step title="Performing fetch based deployment" date="2025-12-19T01:32:27.672" >
    <step title="Cleaning up temp folders from previous zip deployments and extracting pushed zip file /tmp/zipdeploy/82303223-aa9b-4781-814c-47ce9ba40cbf.zip (0.17 MB) to /tmp/zipdeploy/extracted" date="2025-12-19T01:32:29.020" >
      <step title="ChmodRecursive Process exited with total time taken in ms: 77" date="2025-12-19T01:32:29.181" /><!-- duration: 12ms -->
    </step><!-- duration: 201ms -->
    <step title="Deployment timer started" date="2025-12-19T01:32:31.278" >
      <step title="DeploymentManager.Deploy(id:4fa68ed5-3f54-426f-af77-12022fd37c0e)" date="2025-12-19T01:32:31.298" >
        <step title="Collecting changeset information" date="2025-12-19T01:32:31.331" /><!-- duration: 161ms -->
        <step title="Updating submodules" date="2025-12-19T01:32:31.496" /><!-- duration: 1167ms -->
        <step title="Determining deployment builder" date="2025-12-19T01:32:33.072" >
          <step title="Builder is OryxBuilder" date="2025-12-19T01:32:33.122" /><!-- duration: 52ms -->
        </step><!-- duration: 121ms -->
        <step title="PreDeployment: context.CleanOutputPath False" date="2025-12-19T01:32:33.325" >
          <step title="PreDeployment: context.OutputPath /home/site/wwwroot" date="2025-12-19T01:32:33.674" >
            <step title="Building" date="2025-12-19T01:32:33.978" >
              <step title="Executing external process" date="2025-12-19T01:32:34.934" type="process" path="bash" arguments="-c &quot;oryx build /tmp/zipdeploy/extracted -o /home/site/wwwroot --platform python --platform-version 3.11 -p virtualenv_name=antenv --log-file /tmp/build-debug.log  -i /tmp/8de3e9e7b91010c --compress-destination-dir | tee /tmp/oryx-build.log ; exit $PIPESTATUS &quot;" >
                <step title="Cpu: python(2073,39.960s)+ts(2074,0.130s)+build.sh(2072,0.000s)+build.sh(2071,0.000s)+build.sh(1989,0.050s)+oryx(1968,4.840s)+tee(1969,0.000s)+bash(1967,0.010s)=total(44.990s)" date="2025-12-19T01:34:04.437" /><!-- duration: 9ms -->
                <step title="bash: no io activity for 61s, prev-cpu=-1.000s, current-cpu=44.990s" date="2025-12-19T01:34:04.454" /><!-- duration: 22ms -->
                <step title="Cpu: python(2073,98.600s)+ts(2074,0.130s)+build.sh(2072,0.000s)+build.sh(2071,0.000s)+build.sh(1989,0.050s)+oryx(1968,4.870s)+tee(1969,0.000s)+bash(1967,0.010s)=total(103.660s)" date="2025-12-19T01:35:04.593" /><!-- duration: 19ms -->
                <step title="bash: no io activity for 121s, prev-cpu=44.990s, current-cpu=103.660s" date="2025-12-19T01:35:04.622" /><!-- duration: 20ms -->
                <step title="Cpu: gzip(2144,58.000s)+sh(2143,0.000s)+tar(2142,1.270s)+build.sh(1989,0.070s)+oryx(1968,5.150s)+tee(1969,0.000s)+bash(1967,0.010s)=total(64.500s)" date="2025-12-19T01:36:45.869" /><!-- duration: 20ms -->
                <step title="bash: no io activity for 60s, prev-cpu=-1.000s, current-cpu=64.500s" date="2025-12-19T01:36:45.900" /><!-- duration: 22ms -->
                <step title="Cpu: gzip(2144,109.010s)+sh(2143,0.000s)+tar(2142,3.170s)+build.sh(1989,0.070s)+oryx(1968,5.190s)+tee(1969,0.000s)+bash(1967,0.010s)=total(117.450s)" date="2025-12-19T01:37:46.098" /><!-- duration: 16ms -->
                <step title="bash: no io activity for 121s, prev-cpu=64.500s, current-cpu=117.450s" date="2025-12-19T01:37:46.123" /><!-- duration: 29ms -->
              </step><!-- duration: 329092ms -->
              <step title="Using PythonDeploymentLogParser" date="2025-12-19T01:38:04.463" /><!-- duration: 7ms -->
              <step title="Triggering recycle (preview mode disabled)." date="2025-12-19T01:38:05.705" /><!-- duration: 3ms -->
              <step title="Modified file to trigger a restart of the app container." date="2025-12-19T01:38:05.749" /><!-- duration: 4ms -->
              <step title="Skip function trigger and logicapp sync because function is not enabled." date="2025-12-19T01:38:05.756" /><!-- duration: 2ms -->
              <step title="Purge deployment items" date="2025-12-19T01:38:06.904" >
                <step title="Remove 3d2891af-, Success, received at 12/17/2025 20:44:55" date="2025-12-19T01:38:06.967" /><!-- duration: 2ms -->
              </step><!-- duration: 69ms -->
            </step><!-- duration: 333066ms -->
          </step><!-- duration: 333374ms -->
          <step title="Cleaning up temp files" date="2025-12-19T01:38:07.050" /><!-- duration: 2399ms -->
          <step title="Cleaning up temp files" date="2025-12-19T01:38:09.461" /><!-- duration: 504ms -->
          <step title="Reloading status file with latest updates" date="2025-12-19T01:38:10.017" >
            <step title="WebHooksManager.PublishEventAsync: PostDeployment" date="2025-12-19T01:38:10.020" /><!-- duration: 29ms -->
          </step><!-- duration: 35ms -->
          <step title="Cleaning up temporary deployment - fetch deployment was successful" date="2025-12-19T01:38:10.058" /><!-- duration: 3ms -->
        </step><!-- duration: 336781ms -->
      </step><!-- duration: 338819ms -->
