﻿<?xml version="1.0" encoding="utf-8"?>
<deployment>
  <id>e2b7d246-abce-4134-bbbe-f60fb5c9f37d</id>
  <author>N/A</author>
  <deployer>OneDeploy</deployer>
  <authorEmail>N/A</authorEmail>
  <message>N/A</message>
  <progress></progress>
  <status>Success</status>
  <statusText></statusText>
  <lastSuccessEndTime>2025-12-19T22:03:58.4615452Z</lastSuccessEndTime>
  <receivedTime>2025-12-19T21:58:12.6469454Z</receivedTime>
  <startTime>2025-12-19T21:58:14.0339452Z</startTime>
  <endTime>2025-12-19T22:03:58.4615452Z</endTime>
  <complete>True</complete>
  <is_temp>False</is_temp>
  <is_readonly>True</is_readonly>
  <buildSummary />
</deployment>