﻿<?xml version="1.0" encoding="utf-8"?>
<deployment>
  <id>9e873b90-41d0-43ac-b85f-e3fdedc23afd</id>
  <author>N/A</author>
  <deployer>OneDeploy</deployer>
  <authorEmail>N/A</authorEmail>
  <message>N/A</message>
  <progress></progress>
  <status>Success</status>
  <statusText></statusText>
  <lastSuccessEndTime>2025-12-19T21:29:11.9327793Z</lastSuccessEndTime>
  <receivedTime>2025-12-19T21:23:25.9712558Z</receivedTime>
  <startTime>2025-12-19T21:23:27.3874691Z</startTime>
  <endTime>2025-12-19T21:29:11.9327793Z</endTime>
  <complete>True</complete>
  <is_temp>False</is_temp>
  <is_readonly>True</is_readonly>
  <buildSummary />
</deployment>