﻿<?xml version="1.0" encoding="utf-8"?>
<deployment>
  <id>1a970343d3a8880c30934aeae645bef88a2182e41766622998664</id>
  <author>antonyrugama</author>
  <deployer>GitHub</deployer>
  <authorEmail />
  <message>{"type":"Deployment","sha":"1a970343d3a8880c30934aeae645bef88a2182e4","repoName":"Tracklit/Aria","actor":"antonyrugama","slotName":"production"}</message>
  <progress />
  <status>Success</status>
  <statusText />
  <lastSuccessEndTime>2025-12-25T00:36:41.3753729Z</lastSuccessEndTime>
  <receivedTime>2025-12-25T00:36:41.3753729Z</receivedTime>
  <startTime>2025-12-25T00:36:41.3753729Z</startTime>
  <endTime>2025-12-25T00:36:41.3753729Z</endTime>
  <complete>True</complete>
  <is_temp>False</is_temp>
  <is_readonly>True</is_readonly>
  <buildSummary />
</deployment>