<step title="BackgroundTrace" date="2025-12-22T18:12:54.613" instance="9158b8" url="/api/zipdeploy" method="POST" >
  <step title="Cleanup Xml Logs" date="2025-12-22T18:12:54.629" /><!-- duration: 3ms -->
  <step title="Creating temporary deployment - FetchDeploymentManager" date="2025-12-22T18:12:54.734" /><!-- duration: 10ms -->
  <step title="Creating temporary deployment" date="2025-12-22T18:12:54.747" /><!-- duration: 116ms -->
  <step title="Performing fetch based deployment" date="2025-12-22T18:12:54.967" >
    <step title="Cleaning up temp folders from previous zip deployments and extracting pushed zip file /tmp/zipdeploy/390a16cf-09d3-4eae-980e-421a043d2550.zip (152.32 MB) to /tmp/zipdeploy/extracted" date="2025-12-22T18:12:56.264" >
      <step title="ChmodRecursive Process exited with total time taken in ms: 91" date="2025-12-22T18:14:09.634" /><!-- duration: 8ms -->
    </step><!-- duration: 73385ms -->
    <step title="Deployment timer started" date="2025-12-22T18:14:11.708" >
      <step title="DeploymentManager.Deploy(id:529a965d-b294-4093-ac65-ff462a9d3739)" date="2025-12-22T18:14:11.713" >
        <step title="Collecting changeset information" date="2025-12-22T18:14:11.766" /><!-- duration: 119ms -->
        <step title="Updating submodules" date="2025-12-22T18:14:11.942" /><!-- duration: 1122ms -->
        <step title="Determining deployment builder" date="2025-12-22T18:14:13.344" >
          <step title="Builder is BasicBuilder" date="2025-12-22T18:14:13.373" /><!-- duration: 3ms -->
        </step><!-- duration: 39ms -->
        <step title="PreDeployment: context.CleanOutputPath False" date="2025-12-22T18:14:13.447" >
          <step title="PreDeployment: context.OutputPath /home/site/wwwroot" date="2025-12-22T18:14:13.564" >
            <step title="Building" date="2025-12-22T18:14:13.768" >
              <step title="Executing external process" date="2025-12-22T18:14:14.087" type="process" path="starter.sh" arguments="/opt/Kudu/Scripts/parallel_rsync.sh /tmp/zipdeploy/extracted /home/site/wwwroot 8 /tmp/ False True  " >
                <step title="Cpu: rsync(869,0.310s)+rsync(840,0.970s)+rsync(833,4.260s)+bash(831,0.000s)+rsync(866,0.320s)+rsync(844,1.050s)+rsync(838,4.260s)+bash(832,0.030s)+rsync(864,0.340s)+rsync(841,1.100s)+rsync(836,3.940s)+bash(834,0.000s)+rsync(865,0.270s)+rsync(848,1.000s)+rsync(845,3.650s)+bash(835,0.010s)+rsync(868,0.420s)+rsync(849,0.980s)+rsync(842,4.460s)+bash(837,0.010s)+rsync(867,0.190s)+rsync(851,1.020s)+rsync(847,3.620s)+bash(839,0.010s)+rsync(870,0.240s)+rsync(852,0.900s)+rsync(850,3.980s)+bash(843,0.010s)+rsync(871,0.320s)+rsync(854,0.800s)+rsync(853,4.700s)+bash(846,0.010s)+xargs(830,0.000s)+parallel_rsync.sh(820,0.040s)=total(43.200s)" date="2025-12-22T18:15:17.192" /><!-- duration: 19ms -->
                <step title="starter.sh: no io activity for 60s, prev-cpu=-1.000s, current-cpu=43.200s" date="2025-12-22T18:15:17.230" /><!-- duration: 21ms -->
                <step title="Cpu: rsync(869,0.840s)+rsync(840,1.230s)+rsync(833,4.790s)+bash(831,0.000s)+rsync(866,0.840s)+rsync(844,1.230s)+rsync(838,4.640s)+bash(832,0.030s)+rsync(864,0.840s)+rsync(841,1.160s)+rsync(836,4.230s)+bash(834,0.000s)+rsync(865,0.780s)+rsync(848,1.170s)+rsync(845,4.010s)+bash(835,0.010s)+rsync(868,0.910s)+rsync(849,1.260s)+rsync(842,4.540s)+bash(837,0.010s)+rsync(867,0.770s)+rsync(851,1.270s)+rsync(847,4.030s)+bash(839,0.010s)+rsync(870,0.810s)+rsync(852,1.200s)+rsync(850,4.570s)+bash(843,0.010s)+rsync(871,0.790s)+rsync(854,1.070s)+rsync(853,5.180s)+bash(846,0.010s)+xargs(830,0.000s)+parallel_rsync.sh(820,0.040s)=total(52.280s)" date="2025-12-22T18:16:17.530" /><!-- duration: 39ms -->
                <step title="starter.sh: no io activity for 121s, prev-cpu=43.200s, current-cpu=52.280s" date="2025-12-22T18:16:17.577" /><!-- duration: 23ms -->
                <step title="Cpu: rsync(869,1.250s)+rsync(840,1.230s)+rsync(833,4.850s)+bash(831,0.000s)+rsync(866,1.340s)+rsync(844,1.230s)+rsync(838,5.070s)+bash(832,0.030s)+rsync(864,1.330s)+rsync(841,1.160s)+rsync(836,4.720s)+bash(834,0.000s)+rsync(865,1.200s)+rsync(848,1.170s)+rsync(845,4.070s)+bash(835,0.010s)+rsync(868,1.460s)+rsync(849,1.260s)+rsync(842,4.880s)+bash(837,0.010s)+rsync(867,1.190s)+rsync(851,1.270s)+rsync(847,4.060s)+bash(839,0.010s)+rsync(870,1.310s)+rsync(852,1.200s)+rsync(850,4.900s)+bash(843,0.010s)+rsync(871,1.200s)+rsync(854,1.070s)+rsync(853,5.280s)+bash(846,0.010s)+xargs(830,0.000s)+parallel_rsync.sh(820,0.040s)=total(57.810s)" date="2025-12-22T18:17:18.137" /><!-- duration: 79ms -->
                <step title="starter.sh: no io activity for 181s, prev-cpu=52.280s, current-cpu=57.810s" date="2025-12-22T18:17:18.323" /><!-- duration: 106ms -->
                <step title="Cpu: rsync(869,1.740s)+rsync(840,1.230s)+rsync(833,4.990s)+bash(831,0.000s)+rsync(866,1.780s)+rsync(844,1.230s)+rsync(838,5.100s)+bash(832,0.030s)+rsync(864,1.720s)+rsync(841,1.160s)+rsync(836,4.740s)+bash(834,0.000s)+rsync(865,1.670s)+rsync(848,1.170s)+rsync(845,4.440s)+bash(835,0.010s)+rsync(868,1.970s)+rsync(849,1.260s)+rsync(842,5.230s)+bash(837,0.010s)+rsync(867,1.720s)+rsync(851,1.270s)+rsync(847,4.470s)+bash(839,0.010s)+rsync(870,1.830s)+rsync(852,1.200s)+rsync(850,5.310s)+bash(843,0.010s)+rsync(871,1.720s)+rsync(854,1.070s)+rsync(853,5.670s)+bash(846,0.010s)+xargs(830,0.000s)+parallel_rsync.sh(820,0.040s)=total(63.810s)" date="2025-12-22T18:18:18.756" /><!-- duration: 23ms -->
                <step title="starter.sh: no io activity for 242s, prev-cpu=57.810s, current-cpu=63.810s" date="2025-12-22T18:18:18.789" /><!-- duration: 16ms -->
                <step title="Cpu: rsync(869,2.370s)+rsync(840,1.230s)+rsync(833,5.340s)+bash(831,0.000s)+rsync(866,2.320s)+rsync(844,1.230s)+rsync(838,5.540s)+bash(832,0.030s)+rsync(864,2.260s)+rsync(841,1.160s)+rsync(836,5.130s)+bash(834,0.000s)+rsync(865,2.200s)+rsync(848,1.170s)+rsync(845,4.760s)+bash(835,0.010s)+rsync(868,2.460s)+rsync(849,1.260s)+rsync(842,5.310s)+bash(837,0.010s)+rsync(867,2.250s)+rsync(851,1.270s)+rsync(847,4.970s)+bash(839,0.010s)+rsync(870,2.310s)+rsync(852,1.200s)+rsync(850,5.360s)+bash(843,0.010s)+rsync(871,2.150s)+rsync(854,1.070s)+rsync(853,5.790s)+bash(846,0.010s)+xargs(830,0.000s)+parallel_rsync.sh(820,0.040s)=total(70.230s)" date="2025-12-22T18:19:18.989" /><!-- duration: 12ms -->
                <step title="starter.sh: no io activity for 302s, prev-cpu=63.810s, current-cpu=70.230s" date="2025-12-22T18:19:19.008" /><!-- duration: 11ms -->
                <step title="Cpu: rsync(869,2.850s)+rsync(840,1.230s)+rsync(833,5.670s)+bash(831,0.000s)+rsync(866,2.860s)+rsync(844,1.230s)+rsync(838,6.020s)+bash(832,0.030s)+rsync(864,2.770s)+rsync(841,1.160s)+rsync(836,5.550s)+bash(834,0.000s)+rsync(865,2.740s)+rsync(848,1.170s)+rsync(845,5.230s)+bash(835,0.010s)+rsync(868,2.980s)+rsync(849,1.260s)+rsync(842,5.570s)+bash(837,0.010s)+rsync(867,2.690s)+rsync(851,1.270s)+rsync(847,5.170s)+bash(839,0.010s)+rsync(870,2.780s)+rsync(852,1.200s)+rsync(850,5.610s)+bash(843,0.010s)+rsync(871,2.580s)+rsync(854,1.070s)+rsync(853,5.980s)+bash(846,0.010s)+xargs(830,0.000s)+parallel_rsync.sh(820,0.040s)=total(76.740s)" date="2025-12-22T18:20:19.153" /><!-- duration: 12ms -->
                <step title="starter.sh: no io activity for 363s, prev-cpu=70.230s, current-cpu=76.740s" date="2025-12-22T18:20:19.170" /><!-- duration: 14ms -->
                <step title="Cpu: rsync(869,3.350s)+rsync(840,1.230s)+rsync(833,6.070s)+bash(831,0.000s)+rsync(866,3.350s)+rsync(844,1.230s)+rsync(838,6.360s)+bash(832,0.030s)+rsync(864,3.220s)+rsync(841,1.160s)+rsync(836,5.740s)+bash(834,0.000s)+rsync(865,3.160s)+rsync(848,1.170s)+rsync(845,5.300s)+bash(835,0.010s)+rsync(868,3.460s)+rsync(849,1.260s)+rsync(842,6.080s)+bash(837,0.010s)+rsync(867,3.180s)+rsync(851,1.270s)+rsync(847,5.460s)+bash(839,0.010s)+rsync(870,3.280s)+rsync(852,1.200s)+rsync(850,5.960s)+bash(843,0.010s)+rsync(871,3.050s)+rsync(854,1.070s)+rsync(853,6.270s)+bash(846,0.010s)+xargs(830,0.000s)+parallel_rsync.sh(820,0.040s)=total(83.000s)" date="2025-12-22T18:21:19.306" /><!-- duration: 22ms -->
                <step title="starter.sh: no io activity for 423s, prev-cpu=76.740s, current-cpu=83.000s" date="2025-12-22T18:21:19.335" /><!-- duration: 7ms -->
                <step title="Cpu: rsync(869,3.880s)+rsync(840,1.230s)+rsync(833,6.430s)+bash(831,0.000s)+rsync(866,3.800s)+rsync(844,1.230s)+rsync(838,6.450s)+bash(832,0.030s)+rsync(864,3.720s)+rsync(841,1.160s)+rsync(836,6.120s)+bash(834,0.000s)+rsync(865,3.680s)+rsync(848,1.170s)+rsync(845,5.580s)+bash(835,0.010s)+rsync(868,3.890s)+rsync(849,1.260s)+rsync(842,6.120s)+bash(837,0.010s)+rsync(867,3.710s)+rsync(851,1.270s)+rsync(847,5.970s)+bash(839,0.010s)+rsync(870,3.820s)+rsync(852,1.200s)+rsync(850,6.380s)+bash(843,0.010s)+rsync(871,3.590s)+rsync(854,1.070s)+rsync(853,6.810s)+bash(846,0.010s)+xargs(830,0.000s)+parallel_rsync.sh(820,0.040s)=total(89.650s)" date="2025-12-22T18:22:19.845" /><!-- duration: 41ms -->
                <step title="starter.sh: no io activity for 483s, prev-cpu=83.000s, current-cpu=89.650s" date="2025-12-22T18:22:19.938" /><!-- duration: 218ms -->
                <step title="Cpu: rsync(869,4.390s)+rsync(840,1.230s)+rsync(833,6.740s)+bash(831,0.000s)+rsync(866,4.320s)+rsync(844,1.230s)+rsync(838,6.850s)+bash(832,0.030s)+rsync(864,4.260s)+rsync(841,1.160s)+rsync(836,6.470s)+bash(834,0.000s)+rsync(865,4.120s)+rsync(848,1.170s)+rsync(845,5.750s)+bash(835,0.010s)+rsync(868,4.390s)+rsync(849,1.260s)+rsync(842,6.560s)+bash(837,0.010s)+rsync(867,4.180s)+rsync(851,1.270s)+rsync(847,6.230s)+bash(839,0.010s)+rsync(870,4.340s)+rsync(852,1.200s)+rsync(850,6.700s)+bash(843,0.010s)+rsync(871,4.030s)+rsync(854,1.070s)+rsync(853,6.850s)+bash(846,0.010s)+xargs(830,0.000s)+parallel_rsync.sh(820,0.040s)=total(95.890s)" date="2025-12-22T18:23:20.363" /><!-- duration: 32ms -->
                <step title="starter.sh: no io activity for 544s, prev-cpu=89.650s, current-cpu=95.890s" date="2025-12-22T18:23:20.399" /><!-- duration: 6ms -->
              </step><!-- duration: 605464ms -->
              <step title="Triggering recycle (preview mode disabled)." date="2025-12-22T18:24:20.354" /><!-- duration: 8ms -->
              <step title="Modified file to trigger a restart of the app container." date="2025-12-22T18:24:20.443" /><!-- duration: 26ms -->
              <step title="Skip function trigger and logicapp sync because function is not enabled." date="2025-12-22T18:24:20.530" /><!-- duration: 21ms -->
            </step><!-- duration: 607751ms -->
          </step><!-- duration: 607986ms -->
          <step title="Cleaning up temp files" date="2025-12-22T18:24:21.568" /><!-- duration: 48ms -->
          <step title="Cleaning up temp files" date="2025-12-22T18:24:21.638" /><!-- duration: 570ms -->
          <step title="Reloading status file with latest updates" date="2025-12-22T18:24:22.315" >
            <step title="WebHooksManager.PublishEventAsync: PostDeployment" date="2025-12-22T18:24:22.347" /><!-- duration: 941ms -->
          </step><!-- duration: 986ms -->
          <step title="Cleaning up temporary deployment - fetch deployment was successful" date="2025-12-22T18:24:23.318" /><!-- duration: 2ms -->
        </step><!-- duration: 609928ms -->
      </step><!-- duration: 611868ms -->
