<step title="Incoming Request" date="2025-12-22T18:12:31.436" instance="9158b8" url="/api/zipdeploy?isAsync=true" method="POST" type="request" pid="772,1,7" Accept="*/*" Host="aria-api-8883.scm.azurewebsites.net" User-Agent="AZURECLI/2.67.0 (MSI)" Accept-Encoding="gzip, deflate" Authorization="Bea..." Cache-Control="no-cache" Content-Type="application/octet-stream" Content-Length="159723930" x-ms-client-request-id="a80f8387-df61-11f0-b05d-088e904feb3e" x-ms-artifact-checksum="17a44b7b3f9d07b1cf5539d1a9038b30b794db495caedd92c948897b03380252" X-ARR-LOG-ID="a80f8387-df61-11f0-b05d-088e904feb3e" CLIENT-IP="52.167.112.163:19153" X-SITE-DEPLOYMENT-ID="aria-api-8883" WAS-DEFAULT-HOSTNAME="aria-api-8883.scm.azurewebsites.net" X-Forwarded-Proto="https" X-AppService-Proto="https" X-Forwarded-TlsVersion="1.3" X-WAWS-Unencoded-URL="/api/zipdeploy?isAsync=true" X-Client-IP="52.167.112.163" X-Client-Port="19153" >
  <step title="ZipPushDeploy" date="2025-12-22T18:12:34.511" >
    <step title="ZipDeploy. Extract zip." date="2025-12-22T18:12:34.531" /><!-- duration: 2ms -->
    <step title="None repository commit" date="2025-12-22T18:12:34.581" >
      <step title="Commit id: 529a965d-b294-4093-ac65-ff462a9d3739" date="2025-12-22T18:12:34.589" Message="N/A" AuthorName="N/A" AuthorEmail="N/A" /><!-- duration: 2ms -->
    </step><!-- duration: 18ms -->
    <step title="Starting PushDeployAsync" date="2025-12-22T18:12:34.658" /><!-- duration: 3ms -->
    <step title="Writing artifact to /tmp/zipdeploy/390a16cf-09d3-4eae-980e-421a043d2550.zip" date="2025-12-22T18:12:34.729" >
      <step title="Writing multipart request body to /tmp/zipdeploy/390a16cf-09d3-4eae-980e-421a043d2550.zip" date="2025-12-22T18:12:34.747" /><!-- duration: 10ms -->
    </step><!-- duration: 19795ms -->
    <step title="Start deployment in the background" date="2025-12-22T18:12:54.595" >
      <step title="Acquiring Deployment Lock" date="2025-12-22T18:12:54.655" /><!-- duration: 3ms -->
      <step title="Acquired Deployment Lock" date="2025-12-22T18:12:54.723" /><!-- duration: 2ms -->
    </step><!-- duration: 272ms -->
  </step><!-- duration: 20378ms -->
  <step title="Outgoing response" date="2025-12-22T18:12:54.930" type="response" statusCode="202" statusText="Accepted" /><!-- duration: 3ms -->
</step><!-- duration: 23502ms -->
