<step title="Incoming Request" date="2025-12-19T01:16:26.367" instance="8b490c" url="/api/zipdeploy?isAsync=true" method="POST" type="request" pid="768,1,28" Accept="*/*" Host="aria-dev-api.scm.azurewebsites.net" User-Agent="AZURECLI/2.67.0 (MSI)" Accept-Encoding="gzip, deflate" Authorization="Bea..." Cache-Control="no-cache" Content-Type="application/octet-stream" Content-Length="181014" x-ms-client-request-id="528abac4-dc78-11f0-a75a-088e904feb3e" x-ms-artifact-checksum="4ae5fd691f25bf359a56140686330662b40cc41410fef36c2805009c541e929f" X-ARR-LOG-ID="528abac4-dc78-11f0-a75a-088e904feb3e" CLIENT-IP="52.167.112.163:51078" X-SITE-DEPLOYMENT-ID="aria-dev-api" WAS-DEFAULT-HOSTNAME="aria-dev-api.scm.azurewebsites.net" X-Forwarded-Proto="https" X-AppService-Proto="https" X-Forwarded-TlsVersion="1.3" X-WAWS-Unencoded-URL="/api/zipdeploy?isAsync=true" X-Client-IP="52.167.112.163" X-Client-Port="51078" >
  <step title="Cleanup Xml Logs" date="2025-12-19T01:16:26.370" >
    <step title="Cleanup Infos" date="2025-12-19T01:16:26.381" totalFiles="444" totalCleanup="284" /><!-- duration: 7ms -->
  </step><!-- duration: 21ms -->
  <step title="ZipPushDeploy" date="2025-12-19T01:16:26.469" >
    <step title="ZipDeploy. Extract zip. Remote build." date="2025-12-19T01:16:26.473" /><!-- duration: 12ms -->
    <step title="None repository commit" date="2025-12-19T01:16:26.513" >
      <step title="Commit id: 9c55b0cd-2db8-428d-8ae2-bcf2e7a68516" date="2025-12-19T01:16:26.524" Message="N/A" AuthorName="N/A" AuthorEmail="N/A" /><!-- duration: 18ms -->
    </step><!-- duration: 78ms -->
    <step title="Starting PushDeployAsync" date="2025-12-19T01:16:26.601" /><!-- duration: 3ms -->
    <step title="Writing artifact to /tmp/zipdeploy/2eedc8b4-6dfa-48d5-9c99-39c1b284f7ed.zip" date="2025-12-19T01:16:26.633" >
      <step title="Writing multipart request body to /tmp/zipdeploy/2eedc8b4-6dfa-48d5-9c99-39c1b284f7ed.zip" date="2025-12-19T01:16:26.643" /><!-- duration: 19ms -->
    </step><!-- duration: 182ms -->
    <step title="Removing previous build artifact&apos;s manifest file" date="2025-12-19T01:16:26.826" >
      <step title="None repository commit" date="2025-12-19T01:16:26.837" >
        <step title="Commit id: 9c55b0cd-2db8-428d-8ae2-bcf2e7a68516" date="2025-12-19T01:16:26.857" Message="N/A" AuthorName="N/A" AuthorEmail="N/A" /><!-- duration: 17ms -->
      </step><!-- duration: 49ms -->
      <step title="Start deployment in the background" date="2025-12-19T01:16:26.889" >
        <step title="None repository commit" date="2025-12-19T01:16:26.906" >
          <step title="Commit id: 9c55b0cd-2db8-428d-8ae2-bcf2e7a68516" date="2025-12-19T01:16:26.909" Message="N/A" AuthorName="N/A" AuthorEmail="N/A" /><!-- duration: 3ms -->
        </step><!-- duration: 8ms -->
        <step title="Acquiring Deployment Lock" date="2025-12-19T01:16:26.916" /><!-- duration: 2ms -->
        <step title="Cannot Acquire Deployment Lock already held" date="2025-12-19T01:16:26.928" /><!-- duration: 9ms -->
      </step><!-- duration: 98ms -->
      <step title="There is a deployment currently in progress. Please try again when it completes." date="2025-12-19T01:16:26.998" /><!-- duration: 10ms -->
    </step><!-- duration: 212ms -->
    <step title="Outgoing response" date="2025-12-19T01:16:27.096" type="response" statusCode="409" statusText="Conflict" /><!-- duration: 3ms -->
  </step><!-- duration: 640ms -->
