<step title="Incoming Request" date="2025-12-17T18:00:22.414" instance="d57777" url="/api/zipdeploy?isAsync=true" method="POST" type="request" pid="772,1,28" Accept="*/*" Host="aria-dev-api.scm.azurewebsites.net" User-Agent="AZURECLI/2.67.0 (MSI)" Accept-Encoding="gzip, deflate" Authorization="Bea..." Cache-Control="no-cache" Content-Type="application/octet-stream" Content-Length="101730" x-ms-client-request-id="3d9051ad-db72-11f0-b2ec-088e904feb3e" x-ms-artifact-checksum="4abd8bdc2ad4769e2c9f208d18ac5b7ed83388f5bea990b85d017f5b7fe1f9ef" X-ARR-LOG-ID="3d9051ad-db72-11f0-b2ec-088e904feb3e" CLIENT-IP="52.167.115.14:38726" X-SITE-DEPLOYMENT-ID="aria-dev-api" WAS-DEFAULT-HOSTNAME="aria-dev-api.scm.azurewebsites.net" X-Forwarded-Proto="https" X-AppService-Proto="https" X-Forwarded-TlsVersion="1.3" X-WAWS-Unencoded-URL="/api/zipdeploy?isAsync=true" X-Client-IP="52.167.115.14" X-Client-Port="38726" >
  <step title="Cleanup Xml Logs" date="2025-12-17T18:00:22.417" /><!-- duration: 11ms -->
  <step title="ZipPushDeploy" date="2025-12-17T18:00:22.465" >
    <step title="ZipDeploy. Extract zip. Remote build." date="2025-12-17T18:00:22.500" /><!-- duration: 5ms -->
    <step title="Starting PushDeployAsync" date="2025-12-17T18:00:22.519" /><!-- duration: 3ms -->
    <step title="Writing artifact to /tmp/zipdeploy/f09ed8c3-f41a-4006-aeea-52edaa25b594.zip" date="2025-12-17T18:00:22.540" >
      <step title="Writing multipart request body to /tmp/zipdeploy/f09ed8c3-f41a-4006-aeea-52edaa25b594.zip" date="2025-12-17T18:00:22.547" /><!-- duration: 9ms -->
    </step><!-- duration: 38ms -->
    <step title="Start deployment in the background" date="2025-12-17T18:00:22.644" >
      <step title="Acquiring Deployment Lock" date="2025-12-17T18:00:22.696" /><!-- duration: 3ms -->
      <step title="Acquired Deployment Lock" date="2025-12-17T18:00:22.749" /><!-- duration: 4ms -->
    </step><!-- duration: 193ms -->
  </step><!-- duration: 405ms -->
  <step title="Outgoing response" date="2025-12-17T18:00:22.898" type="response" statusCode="202" statusText="Accepted" /><!-- duration: 4ms -->
</step><!-- duration: 497ms -->
