<step title="Incoming Request" date="2025-12-17T17:30:31.029" instance="d57777" url="/api/publish?type=zip&amp;async=False" method="POST" type="request" pid="770,1,28" Accept="*/*" Host="aria-dev-api.scm.azurewebsites.net" User-Agent="AZURECLI/2.67.0 (MSI)" Accept-Encoding="gzip, deflate" Authorization="Bea..." Cache-Control="no-cache" Content-Type="application/octet-stream" Content-Length="180145" x-ms-client-request-id="10f0cff7-db6e-11f0-93ff-088e904feb3e" x-ms-artifact-checksum="28b0713c9db6a1ceb36dea6cc46f284483d8559d1d0dc34b3957130433a56d66" X-ARR-LOG-ID="10f0cff7-db6e-11f0-93ff-088e904feb3e" CLIENT-IP="52.177.6.198:23635" X-SITE-DEPLOYMENT-ID="aria-dev-api" WAS-DEFAULT-HOSTNAME="aria-dev-api.scm.azurewebsites.net" X-Forwarded-Proto="https" X-AppService-Proto="https" X-Forwarded-TlsVersion="1.3" X-WAWS-Unencoded-URL="/api/publish?type=zip&amp;async=False" X-Client-IP="52.177.6.198" X-Client-Port="23635" >
  <step title="Cleanup Xml Logs" date="2025-12-17T17:30:31.089" /><!-- duration: 57ms -->
  <step title="OneDeploy" date="2025-12-17T17:30:31.608" >
    <step title="Starting PushDeployAsync" date="2025-12-17T17:30:31.680" /><!-- duration: 10ms -->
    <step title="Writing artifact to /tmp/zipdeploy/f8c3f51e-9436-4d40-9a2f-eb67bddb0d85.zip" date="2025-12-17T17:30:31.732" >
      <step title="Writing multipart request body to /tmp/zipdeploy/f8c3f51e-9436-4d40-9a2f-eb67bddb0d85.zip" date="2025-12-17T17:30:31.742" /><!-- duration: 20ms -->
    </step><!-- duration: 221ms -->
    <step title="Attempting to fetch target branch HEAD" date="2025-12-17T17:30:32.020" /><!-- duration: 49ms -->
    <step title="Acquiring Deployment Lock" date="2025-12-17T17:30:32.090" /><!-- duration: 20ms -->
    <step title="Acquired Deployment Lock" date="2025-12-17T17:30:32.166" /><!-- duration: 3ms -->
    <step title="Performing fetch based deployment" date="2025-12-17T17:30:32.176" >
      <step title="Creating temporary deployment" date="2025-12-17T17:30:32.193" /><!-- duration: 695ms -->
      <step title="Releasing Deployment Lock" date="2025-12-17T17:30:34.403" /><!-- duration: 78ms -->
      <step title="Cleaning up temp folders from previous zip deployments and extracting pushed zip file /tmp/zipdeploy/f8c3f51e-9436-4d40-9a2f-eb67bddb0d85.zip (0.17 MB) to /tmp/zipdeploy/extracted" date="2025-12-17T17:30:34.611" >
        <step title="ChmodRecursive Process exited with total time taken in ms: 275" date="2025-12-17T17:30:35.101" /><!-- duration: 19ms -->
      </step><!-- duration: 541ms -->
      <step title="None repository commit" date="2025-12-17T17:30:35.201" >
        <step title="Commit id: bdeab947-436c-46f5-9b80-228a03997cd9" date="2025-12-17T17:30:35.258" Message="OneDeploy" AuthorName="N/A" AuthorEmail="N/A" /><!-- duration: 38ms -->
      </step><!-- duration: 122ms -->
      <step title="Deployment timer started" date="2025-12-17T17:30:37.375" >
        <step title="DeploymentManager.Deploy(id:bdeab947-436c-46f5-9b80-228a03997cd9)" date="2025-12-17T17:30:37.473" >
          <step title="Collecting changeset information" date="2025-12-17T17:30:37.563" /><!-- duration: 253ms -->
          <step title="Updating submodules" date="2025-12-17T17:30:37.844" /><!-- duration: 1538ms -->
          <step title="Determining deployment builder" date="2025-12-17T17:30:40.444" >
            <step title="Builder is OryxBuilder" date="2025-12-17T17:30:40.728" /><!-- duration: 28ms -->
          </step><!-- duration: 341ms -->
          <step title="PreDeployment: context.CleanOutputPath False" date="2025-12-17T17:30:40.979" >
            <step title="PreDeployment: context.OutputPath /home/site/wwwroot" date="2025-12-17T17:30:41.559" >
              <step title="Building" date="2025-12-17T17:30:41.907" >
                <step title="Executing external process" date="2025-12-17T17:30:42.820" type="process" path="bash" arguments="-c &quot;oryx build /tmp/zipdeploy/extracted -o /home/site/wwwroot --platform python --platform-version 3.11 -p virtualenv_name=antenv --log-file /tmp/build-debug.log  -i /tmp/8de3d92000876a4 --compress-destination-dir | tee /tmp/oryx-build.log ; exit $PIPESTATUS &quot;" 