<step title="BackgroundTrace" date="2025-12-19T01:09:30.106" instance="8b490c" url="/deploy" method="POST" >
  <step title="Creating temporary deployment - FetchDeploymentManager" date="2025-12-19T01:09:30.212" /><!-- duration: 2ms -->
  <step title="Creating temporary deployment" date="2025-12-19T01:09:30.217" /><!-- duration: 60ms -->
  <step title="Performing fetch based deployment" date="2025-12-19T01:09:30.423" >
    <step title="Deployment timer started" date="2025-12-19T01:09:34.081" >
      <step title="DeploymentManager.Deploy(id:700ecd21e4b14bc6dfa0d8085b70d1f5bc94e68d)" date="2025-12-19T01:09:34.087" >
        <step title="Collecting changeset information" date="2025-12-19T01:09:34.111" /><!-- duration: 123ms -->
        <step title="Updating submodules" date="2025-12-19T01:09:34.305" /><!-- duration: 1120ms -->
        <step title="Determining deployment builder" date="2025-12-19T01:09:35.689" >
          <step title="Builder is OryxBuilder" date="2025-12-19T01:09:35.692" /><!-- duration: 7ms -->
        </step><!-- duration: 20ms -->
        <step title="PreDeployment: context.CleanOutputPath False" date="2025-12-19T01:09:35.761" >
          <step title="PreDeployment: context.OutputPath /home/site/wwwroot" date="2025-12-19T01:09:35.890" >
            <step title="Building" date="2025-12-19T01:09:36.010" >
              <step title="Executing external process" date="2025-12-19T01:09:36.284" type="process" path="bash" arguments="-c &quot;oryx build /home/site/repository -o /home/site/wwwroot --platform python --platform-version 3.11 -p virtualenv_name=antenv --log-file /tmp/build-debug.log  -i /tmp/8de3e9b468553f2 --compress-destination-dir | tee /tmp/oryx-build.log ; exit $PIPESTATUS &quot;" >
                <step title="Cpu: python(1429,57.400s)+ts(1430,0.110s)+build.sh(1428,0.000s)+build.sh(1427,0.000s)+build.sh(1326,0.050s)+oryx(1304,5.020s)+tee(1305,0.010s)+bash(1303,0.000s)=total(62.590s)" date="2025-12-19T01:11:48.430" /><!-- duration: 10ms -->
                <step title="bash: no io activity for 61s, prev-cpu=-1.000s, current-cpu=62.590s" date="2025-12-19T01:11:48.443" /><!-- duration: 14ms -->
