<step title="BackgroundTrace" date="2025-12-17T20:44:51.809" instance="d57777" url="/api/zipdeploy" method="POST" >
  <step title="Creating temporary deployment - FetchDeploymentManager" date="2025-12-17T20:44:51.927" /><!-- duration: 2ms -->
  <step title="Creating temporary deployment" date="2025-12-17T20:44:51.936" /><!-- duration: 95ms -->
  <step title="Performing fetch based deployment" date="2025-12-17T20:44:52.093" >
    <step title="Cleaning up temp folders from previous zip deployments and extracting pushed zip file /tmp/zipdeploy/d63f4c2e-f0fb-433b-946f-4a6694cd0d8d.zip (0.15 MB) to /tmp/zipdeploy/extracted" date="2025-12-17T20:44:53.383" >
      <step title="ChmodRecursive Process exited with total time taken in ms: 140" date="2025-12-17T20:44:53.677" /><!-- duration: 18ms -->
    </step><!-- duration: 324ms -->
    <step title="Deployment timer started" date="2025-12-17T20:44:55.735" >
      <step title="DeploymentManager.Deploy(id:3d2891af-bde2-4244-90f0-81c815b11051)" date="2025-12-17T20:44:55.754" >
        <step title="Collecting changeset information" date="2025-12-17T20:44:55.822" /><!-- duration: 164ms -->
        <step title="Updating submodules" date="2025-12-17T20:44:55.990" /><!-- duration: 1301ms -->
        <step title="Determining deployment builder" date="2025-12-17T20:44:57.638" >
          <step title="Builder is OryxBuilder" date="2025-12-17T20:44:57.660" /><!-- duration: 13ms -->
        </step><!-- duration: 59ms -->
        <step title="PreDeployment: context.CleanOutputPath False" date="2025-12-17T20:44:57.800" >
          <step title="PreDeployment: context.OutputPath /home/site/wwwroot" date="2025-12-17T20:44:57.982" >
            <step title="Building" date="2025-12-17T20:44:58.262" >
              <step title="Executing external process" date="2025-12-17T20:44:59.459" type="process" path="bash" arguments="-c &quot;oryx build /tmp/zipdeploy/extracted -o /home/site/wwwroot --platform python --platform-version 3.11 -p virtualenv_name=antenv --log-file /tmp/build-debug.log  -i /tmp/8de3dad24139140 --compress-destination-dir | tee /tmp/oryx-build.log ; exit $PIPESTATUS &quot;" >
                <step title="Cpu: python3.11(943,10.170s)+python3.11(940,0.280s)+python3.11(939,0.240s)+build.sh(849,0.040s)+oryx(829,6.090s)+tee(830,0.000s)+bash(828,0.000s)=total(16.810s)" date="2025-12-17T20:46:33.665" /><!-- duration: 140ms -->
                <step title="bash: no io activity for 61s, prev-cpu=-1.000s, current-cpu=16.810s" date="2025-12-17T20:46:33.903" /><!-- duration: 30ms -->
                <step title="Cpu: python(982,22.530s)+ts(983,0.130s)+build.sh(981,0.000s)+build.sh(980,0.000s)+build.sh(849,0.070s)+oryx(829,6.310s)+tee(830,0.000s)+bash(828,0.000s)=total(29.030s)" date="2025-12-17T20:48:09.621" /><!-- duration: 51ms -->
                <step title="bash: no io activity for 60s, prev-cpu=-1.000s, current-cpu=29.030s" date="2025-12-17T20:48:09.730" /><!-- duration: 40ms -->
                <step title="Cpu: python(982,44.920s)+ts(983,0.140s)+build.sh(981,0.000s)+build.sh(980,0.000s)+build.sh(849,0.070s)+oryx(829,6.420s)+tee(830,0.000s)+bash(828,0.000s)=total(51.550s)" date="2025-12-17T20:49:10.689" /><!-- duration: 70ms -->
                <step title="bash: no io activity for 121s, prev-cpu=29.030s, current-cpu=51.550s" date="2025-12-17T20:49:11.003" /><!-- duration: 149ms -->
              </step><!-- duration: 357089ms -->
              <step title="Using PythonDeploymentLogParser" date="2025-12-17T20:50:57.532" /><!-- duration: 20ms -->
              <step title="Triggering recycle (preview mode disabled)." date="2025-12-17T20:50:59.680" /><!-- duration: 17ms -->
              <step title="Modified file to trigger a restart of the app container." date="2025-12-17T20:50:59.797" /><!-- duration: 10ms -->
              <step title="Skip function trigger and logicapp sync because function is not enabled." date="2025-12-17T20:50:59.885" /><!-- duration: 9ms -->
            </step><!-- duration: 363088ms -->
          </step><!-- duration: 363390ms -->
          <step title="Cleaning up temp files" date="2025-12-17T20:51:01.382" /><!-- duration: 5301ms -->
          <step title="Cleaning up temp files" date="2025-12-17T20:51:06.714" /><!-- duration: 558ms -->
          <step title="Reloading status file with latest updates" date="2025-12-17T20:51:07.354" >
            <step title="WebHooksManager.PublishEventAsync: PostDeployment" date="2025-12-17T20:51:07.372" /><!-- duration: 1482ms -->
          </step><!-- duration: 1540ms -->
          <step title="Cleaning up temporary deployment - fetch deployment was successful" date="2025-12-17T20:51:08.924" /><!-- duration: 20ms -->
        </step><!-- duration: 371254ms -->
      </step><!-- duration: 373431ms -->
