﻿<?xml version="1.0" encoding="utf-8"?>
<deployment>
  <id>646e946a-5368-4849-909b-08161781ab8f</id>
  <author>N/A</author>
  <deployer>OneDeploy</deployer>
  <authorEmail>N/A</authorEmail>
  <message>OneDeploy</message>
  <progress></progress>
  <status>Success</status>
  <statusText></statusText>
  <lastSuccessEndTime>2025-12-17T17:41:18.9648171Z</lastSuccessEndTime>
  <receivedTime>2025-12-17T17:40:11.2683451Z</receivedTime>
  <startTime>2025-12-17T17:40:12.9153057Z</startTime>
  <endTime>2025-12-17T17:41:18.9648171Z</endTime>
  <complete>True</complete>
  <is_temp>False</is_temp>
  <is_readonly>True</is_readonly>
  <buildSummary />
</deployment>