<step title="Incoming Request" date="2025-12-17T17:59:02.104" instance="d57777" url="/api/zipdeploy?isAsync=true" method="POST" type="request" pid="772,1,23" Accept="*/*" Host="aria-dev-api.scm.azurewebsites.net" User-Agent="AZURECLI/2.67.0 (MSI)" Accept-Encoding="gzip, deflate" Authorization="Bea..." Cache-Control="no-cache" Content-Type="application/octet-stream" Content-Length="35358" x-ms-client-request-id="0c3c7249-db72-11f0-ac7c-088e904feb3e" x-ms-artifact-checksum="90f3609d0ae2d16307538b41442828c77245069342495a772642a5e0b8ef4cb2" X-ARR-LOG-ID="0c3c7249-db72-11f0-ac7c-088e904feb3e" CLIENT-IP="52.167.112.163:18632" X-SITE-DEPLOYMENT-ID="aria-dev-api" WAS-DEFAULT-HOSTNAME="aria-dev-api.scm.azurewebsites.net" X-Forwarded-Proto="https" X-AppService-Proto="https" X-Forwarded-TlsVersion="1.3" X-WAWS-Unencoded-URL="/api/zipdeploy?isAsync=true" X-Client-IP="52.167.112.163" X-Client-Port="18632" >
  <step title="Cleanup Xml Logs" date="2025-12-17T17:59:02.112" /><!-- duration: 19ms -->
  <step title="ZipPushDeploy" date="2025-12-17T17:59:02.208" >
    <step title="ZipDeploy. Extract zip. Remote build." date="2025-12-17T17:59:02.244" /><!-- duration: 3ms -->
    <step title="Starting PushDeployAsync" date="2025-12-17T17:59:02.263" /><!-- duration: 7ms -->
    <step title="Writing artifact to /tmp/zipdeploy/c2be2701-cd9d-4266-a5b6-68e29088d63a.zip" date="2025-12-17T17:59:02.286" >
      <step title="Writing multipart request body to /tmp/zipdeploy/c2be2701-cd9d-4266-a5b6-68e29088d63a.zip" date="2025-12-17T17:59:02.297" /><!-- duration: 13ms -->
    </step><!-- duration: 43ms -->
    <step title="Start deployment in the background" date="2025-12-17T17:59:02.361" >
      <step title="Acquiring Deployment Lock" date="2025-12-17T17:59:02.405" /><!-- duration: 20ms -->
      <step title="Acquired Deployment Lock" date="2025-12-17T17:59:02.496" /><!-- duration: 5ms -->
    </step><!-- duration: 246ms -->
  </step><!-- duration: 422ms -->
  <step title="Outgoing response" date="2025-12-17T17:59:02.641" type="response" statusCode="202" statusText="Accepted" /><!-- duration: 23ms -->
</step><!-- duration: 586ms -->
