<step title="BackgroundTrace" date="2025-12-17T21:04:51.366" instance="d57777" url="/api/zipdeploy" method="POST" >
  <step title="Creating temporary deployment - FetchDeploymentManager" date="2025-12-17T21:04:51.576" /><!-- duration: 9ms -->
  <step title="Creating temporary deployment" date="2025-12-17T21:04:51.597" /><!-- duration: 165ms -->
  <step title="Performing fetch based deployment" date="2025-12-17T21:04:51.826" >
    <step title="Cleaning up temp folders from previous zip deployments and extracting pushed zip file /tmp/zipdeploy/b3d15270-54aa-4036-9749-011d49b88366.zip (0.17 MB) to /tmp/zipdeploy/extracted" date="2025-12-17T21:04:53.034" >
      <step title="ChmodRecursive Process exited with total time taken in ms: 138" date="2025-12-17T21:04:53.250" /><!-- duration: 10ms -->
    </step><!-- duration: 228ms -->
    <step title="Deployment timer started" date="2025-12-17T21:04:55.293" >
      <step title="DeploymentManager.Deploy(id:7b251b14-e12d-457f-ae37-389cc1885b10)" date="2025-12-17T21:04:55.305" >
        <step title="Collecting changeset information" date="2025-12-17T21:04:55.343" /><!-- duration: 133ms -->
        <step title="Updating submodules" date="2025-12-17T21:04:55.480" /><!-- duration: 1181ms -->
        <step title="Determining deployment builder" date="2025-12-17T21:04:57.064" >
          <step title="Builder is OryxBuilder" date="2025-12-17T21:04:57.100" /><!-- duration: 38ms -->
        </step><!-- duration: 83ms -->
        <step title="PreDeployment: context.CleanOutputPath False" date="2025-12-17T21:04:58.165" >
          <step title="PreDeployment: context.OutputPath /home/site/wwwroot" date="2025-12-17T21:04:58.308" >
            <step title="Building" date="2025-12-17T21:04:58.490" >
              <step title="Executing external process" date="2025-12-17T21:04:59.021" type="process" path="bash" arguments="-c &quot;oryx build /tmp/zipdeploy/extracted -o /home/site/wwwroot --platform python --platform-version 3.11 -p virtualenv_name=antenv --log-file /tmp/build-debug.log  -i /tmp/8de3dafef03a90a --compress-destination-dir | tee /tmp/oryx-build.log ; exit $PIPESTATUS &quot;" >
                <step title="Cpu: python3.11(1003,14.130s)+python3.11(1000,0.220s)+python3.11(998,0.200s)+build.sh(898,0.070s)+oryx(878,6.700s)+tee(879,0.000s)+bash(877,0.000s)=total(21.310s)" date="2025-12-17T21:07:10.568" /><!-- duration: 47ms -->
                <step title="bash: no io activity for 61s, prev-cpu=-1.000s, current-cpu=21.310s" date="2025-12-17T21:07:10.656" /><!-- duration: 88ms -->
                <step title="Cpu: python(1032,25.640s)+ts(1033,0.170s)+build.sh(1031,0.000s)+build.sh(1030,0.000s)+build.sh(898,0.090s)+oryx(878,6.870s)+tee(879,0.000s)+bash(877,0.000s)=total(32.770s)" date="2025-12-17T21:08:18.399" /><!-- duration: 32ms -->
                <step title="bash: no io activity for 61s, prev-cpu=-1.000s, current-cpu=32.770s" date="2025-12-17T21:08:18.451" /><!-- duration: 20ms -->
                <step title="Cpu: python(1032,61.760s)+ts(1033,0.290s)+build.sh(1031,0.000s)+build.sh(1030,0.000s)+build.sh(898,0.100s)+oryx(878,6.990s)+tee(879,0.000s)+bash(877,0.000s)=total(69.140s)" date="2025-12-17T21:09:19.093" /><!-- duration: 71ms -->
                <step title="bash: no io activity for 121s, prev-cpu=32.770s, current-cpu=69.140s" date="2025-12-17T21:09:19.293" /><!-- duration: 41ms -->
                <step title="Cpu: python(1032,77.500s)+ts(1033,0.290s)+build.sh(1031,0.000s)+build.sh(1030,0.000s)+build.sh(898,0.100s)+oryx(878,7.090s)+tee(879,0.000s)+bash(877,0.000s)=total(84.980s)" date="2025-12-17T21:10:19.967" /><!-- duration: 78ms -->
                <step title="bash: no io activity for 182s, prev-cpu=69.140s, current-cpu=84.980s" date="2025-12-17T21:10:20.114" /><!-- duration: 148ms -->
                <step title="Cpu: python(1032,100.700s)+ts(1033,0.290s)+build.sh(1031,0.000s)+build.sh(1030,0.000s)+build.sh(898,0.100s)+oryx(878,7.110s)+tee(879,0.000s)+bash(877,0.000s)=total(108.190s)" date="2025-12-17T21:11:21.329" /><!-- duration: 63ms -->
                <step title="bash: no io activity for 244s, prev-cpu=84.980s, current-cpu=108.190s" date="2025-12-17T21:11:21.480" /><!-- duration: 12ms -->
                <step title="Cpu: python(1032,139.520s)+ts(1033,0.290s)+build.sh(1031,0.000s)+build.sh(1030,0.000s)+build.sh(898,0.100s)+oryx(878,7.130s)+tee(879,0.000s)+bash(877,0.000s)=total(147.010s)" date="2025-12-17T21:12:22.181" /><!-- duration: 153ms -->
                <step title="bash: no io activity for 304s, prev-cpu=108.190s, current-cpu=147.010s" date="2025-12-17T21:12:22.425" /><!-- duration: 18ms -->
                <step title="Cpu: gzip(1273,42.110s)+sh(1272,0.000s)+tar(1271,2.440s)+build.sh(898,0.120s)+oryx(878,8.330s)+tee(879,0.000s)+bash(877,0.000s)=total(52.970s)" date="2025-12-17T21:15:02.426" /><!-- duration: 19ms -->
                <step title="bash: no io activity for 61s, prev-cpu=-1.000s, current-cpu=52.970s" date="2025-12-17T21:15:02.495" /><!-- duration: 35ms -->
                <step title="Cpu: gzip(1273,83.430s)+sh(1272,0.000s)+tar(1271,4.590s)+build.sh(898,0.120s)+oryx(878,8.340s)+tee(879,0.000s)+bash(877,0.000s)=total(96.470s)" date="2025-12-17T21:16:03.402" /><!-- duration: 29ms -->
                <step title="bash: no io activity for 121s, prev-cpu=52.970s, current-cpu=96.470s" date="2025-12-17T21:16:03.481" /><!-- duration: 22ms -->
                <step title="Cpu: gzip(1273,124.150s)+sh(1272,0.000s)+tar(1271,6.660s)+build.sh(898,0.120s)+oryx(878,8.340s)+tee(879,0.000s)+bash(877,0.000s)=total(139.270s)" date="2025-12-17T21:17:03.947" /><!-- duration: 20ms -->
                <step title="bash: no io activity for 183s, prev-cpu=96.470s, current-cpu=139.270s" date="2025-12-17T21:17:03.990" /><!-- duration: 27ms -->
              </step><!-- duration: 758712ms -->
              <step title="Using PythonDeploymentLogParser" date="2025-12-17T21:17:38.772" /><!-- duration: 6ms -->
              <step title="Triggering recycle (preview mode disabled)." date="2025-12-17T21:17:40.345" /><!-- duration: 9ms -->
              <step title="Modified file to trigger a restart of the app container." date="2025-12-17T21:17:40.406" /><!-- duration: 12ms -->
              <step title="Skip function trigger and logicapp sync because function is not enabled." date="2025-12-17T21:17:40.445" /><!-- duration: 4ms -->
              <step title="Purge deployment items" date="2025-12-17T21:17:41.385" >
                <step title="Remove 43a9b11c-, Failed, received at 12/17/2025 20:58:55" date="2025-12-17T21:17:41.454" /><!-- duration: 3ms -->
                <step title="Remove temp-1fee, Failed, received at 12/17/2025 20:58:50" date="2025-12-17T21:17:41.591" /><!-- duration: 4ms -->
              </step><!-- duration: 212ms -->
            </step><!-- duration: 763192ms -->
          </step><!-- duration: 763379ms -->
          <step title="Cleaning up temp files" date="2025-12-17T21:17:41.689" /><!-- duration: 3947ms -->
          <step title="Cleaning up temp files" date="2025-12-17T21:17:45.649" /><!-- duration: 520ms -->
          <step title="Reloading status file with latest updates" date="2025-12-17T21:17:46.203" >
            <step title="WebHooksManager.PublishEventAsync: PostDeployment" date="2025-12-17T21:17:46.209" /><!-- duration: 143ms -->
          </step><!-- duration: 152ms -->
          <step title="Cleaning up temporary deployment - fetch deployment was successful" date="2025-12-17T21:17:46.363" /><!-- duration: 3ms -->
        </step><!-- duration: 768242ms -->
      </step><!-- duration: 771116ms -->
